elapsed_seconds,Sensor 1,Sensor 2,Sensor 3
0,29784.0,24152.0,29784.0
1,29784.0,25492.0,29772.0
2,29776.0,25356.0,29788.0
3,29780.0,25404.0,29780.0
4,29776.0,25332.0,29780.0
5,29772.0,25300.0,29776.0
6,29704.0,25040.0,29768.0
7,29780.0,25232.0,29776.0
8,29776.0,25172.0,29776.0
9,29776.0,25136.0,29784.0
10,29768.0,25476.0,29780.0
11,29764.0,25544.0,29776.0
12,29760.0,26176.0,29776.0
13,29776.0,26052.0,29780.0
14,29768.0,25996.0,29776.0
15,29772.0,27432.0,29780.0
16,29780.0,26820.0,29788.0
17,29772.0,26344.0,29776.0
18,29724.0,27336.0,29784.0
19,29672.0,27688.0,29768.0
20,29776.0,27712.0,29752.0
21,29792.0,26812.0,29756.0
22,29764.0,26896.0,29760.0
23,29784.0,26348.0,29752.0
24,29784.0,27632.0,29768.0
25,29608.0,27504.0,29760.0
26,29632.0,27700.0,29764.0
27,29780.0,27032.0,29760.0
28,29776.0,27100.0,29760.0
29,29768.0,27216.0,29768.0
30,29744.0,27136.0,29764.0
31,29776.0,27488.0,29760.0
32,29784.0,27348.0,29768.0
33,29776.0,27156.0,29756.0
34,29780.0,27128.0,29756.0
35,29780.0,27716.0,29764.0
36,29776.0,27276.0,29760.0
37,29772.0,27216.0,29772.0
38,29780.0,27064.0,29760.0
39,29768.0,26664.0,29752.0
40,29744.0,26404.0,29748.0
41,29768.0,26776.0,29744.0
42,29768.0,27188.0,29764.0
43,29772.0,27164.0,29760.0
44,29748.0,26928.0,29764.0
45,29772.0,26292.0,29772.0
46,29736.0,26840.0,29772.0
47,29696.0,27040.0,29768.0
48,29780.0,26332.0,29776.0
49,29772.0,26384.0,29780.0
50,29776.0,26804.0,29780.0
51,29780.0,26944.0,29776.0
52,29768.0,26584.0,29784.0
53,29772.0,26620.0,29776.0
54,29776.0,26500.0,29776.0
55,29764.0,26348.0,29768.0
56,29776.0,26876.0,29780.0
57,29776.0,27104.0,29780.0
58,29784.0,27052.0,29792.0
59,29776.0,27588.0,29780.0
60,29788.0,27448.0,29784.0
61,29784.0,26504.0,29780.0
62,29784.0,27144.0,29784.0
63,29764.0,26996.0,29780.0
64,29788.0,27780.0,29784.0
65,29776.0,26604.0,29784.0
66,29772.0,27344.0,29776.0
67,29776.0,27608.0,29780.0
68,29784.0,27716.0,29788.0
69,29784.0,27704.0,29792.0
70,29780.0,28188.0,29780.0
71,29768.0,27444.0,29776.0
72,29776.0,27924.0,29764.0
73,29776.0,27308.0,29780.0
74,29784.0,28296.0,29784.0
75,29784.0,27536.0,29780.0
76,29784.0,28656.0,29780.0
77,29772.0,26828.0,29780.0
78,29784.0,28340.0,29780.0
79,29776.0,27952.0,29780.0
80,29780.0,28156.0,29780.0
81,29780.0,27604.0,29776.0
82,29780.0,28376.0,29784.0
83,29776.0,27440.0,29784.0
84,29784.0,28548.0,29788.0
85,29780.0,26824.0,29780.0
86,29776.0,28112.0,29784.0
87,29780.0,28256.0,29772.0
88,29776.0,27904.0,29780.0
89,29776.0,27536.0,29768.0
90,29784.0,28424.0,29776.0
91,29772.0,27632.0,29784.0
92,29776.0,27596.0,29776.0
93,29772.0,27600.0,29780.0
94,29780.0,26920.0,29776.0
95,29768.0,28116.0,29780.0
96,29784.0,26544.0,29784.0
97,29784.0,27032.0,29788.0
98,29776.0,27140.0,29780.0
99,29776.0,27112.0,29776.0
100,29784.0,27180.0,29784.0
101,29760.0,28068.0,29776.0
102,29776.0,26948.0,29780.0
103,29756.0,27536.0,29780.0
104,29768.0,26864.0,29780.0
105,29776.0,27272.0,29784.0
106,29764.0,27816.0,29776.0
107,29788.0,27020.0,29784.0
108,29780.0,26920.0,29780.0
109,29780.0,27388.0,29780.0
110,29776.0,26676.0,29788.0
111,29772.0,27392.0,29780.0
112,29784.0,26336.0,29772.0
113,29772.0,26952.0,29776.0
114,29768.0,27412.0,29772.0
115,29776.0,27336.0,29776.0
116,29756.0,27428.0,29764.0
117,29784.0,27192.0,29792.0
118,29784.0,26872.0,29776.0
119,29772.0,27300.0,29768.0
120,29776.0,27032.0,29756.0
121,29768.0,27200.0,29772.0
122,29780.0,27208.0,29728.0
123,29772.0,27104.0,29600.0
124,29780.0,27016.0,29780.0
125,29780.0,27192.0,29772.0
126,29776.0,27240.0,29768.0
127,29780.0,27664.0,29772.0
128,29776.0,27636.0,29748.0
129,29788.0,27812.0,29768.0
130,29772.0,26908.0,29724.0
131,29772.0,27560.0,29636.0
132,29772.0,27208.0,29756.0
133,29776.0,27680.0,29572.0
134,29784.0,27436.0,29720.0
135,29776.0,27156.0,29664.0
136,29780.0,27608.0,29752.0
137,29776.0,26672.0,29520.0
138,29768.0,26880.0,29776.0
139,29776.0,27280.0,29520.0
140,29760.0,27216.0,29776.0
141,29776.0,26928.0,29428.0
142,29708.0,26656.0,29760.0
143,29776.0,27192.0,29672.0
144,29748.0,27592.0,29608.0
145,29780.0,26860.0,29528.0
146,29768.0,27216.0,29716.0
147,29752.0,27072.0,29532.0
148,29768.0,26672.0,29696.0
149,29784.0,26064.0,29712.0
150,29768.0,26232.0,29672.0
151,29776.0,26300.0,29664.0
152,29772.0,27584.0,29772.0
153,29736.0,26532.0,29604.0
154,29776.0,26992.0,29756.0
155,29772.0,27404.0,29752.0
156,29776.0,27072.0,29680.0
157,29776.0,26912.0,29736.0
158,29784.0,27472.0,29744.0
159,29772.0,26136.0,29640.0
160,29760.0,27248.0,29772.0
161,29784.0,26940.0,29704.0
162,29780.0,26648.0,29684.0
163,29776.0,26188.0,29764.0
164,29780.0,26948.0,29624.0
165,29724.0,26916.0,29616.0
166,29772.0,26992.0,29592.0
167,29780.0,26448.0,29680.0
168,29716.0,26840.0,29704.0
169,29776.0,27132.0,29744.0
170,29760.0,26264.0,29712.0
171,29752.0,26600.0,29736.0
172,29772.0,27216.0,29704.0
173,29784.0,27528.0,29720.0
174,29776.0,26192.0,29536.0
175,29772.0,26996.0,29704.0
176,29772.0,26992.0,29680.0
177,29756.0,26952.0,29624.0
178,29768.0,26716.0,29744.0
179,29776.0,27472.0,29656.0
180,29720.0,26400.0,29620.0
181,29776.0,27088.0,29728.0
182,29776.0,27088.0,29736.0
183,29700.0,26540.0,29712.0
184,29752.0,26588.0,29664.0
185,29780.0,26136.0,29568.0
186,29764.0,26660.0,29704.0
187,29776.0,26932.0,29672.0
188,29740.0,26304.0,29652.0
189,29776.0,26656.0,29584.0
190,29764.0,26820.0,29712.0
191,29768.0,26784.0,29672.0
192,29744.0,26776.0,29700.0
193,29724.0,27088.0,29636.0
194,29720.0,26988.0,29704.0
195,29760.0,26916.0,29676.0
196,29776.0,26508.0,29664.0
197,29688.0,26184.0,29708.0
198,29736.0,27312.0,29736.0
199,29756.0,26548.0,29636.0
200,29672.0,26784.0,29716.0
201,29760.0,26704.0,29568.0
202,29672.0,26644.0,29668.0
203,29756.0,26340.0,29728.0
204,29720.0,26296.0,29748.0
205,29756.0,26156.0,29392.0
206,29668.0,26740.0,29568.0
207,29724.0,26160.0,29468.0
208,29768.0,26528.0,29660.0
209,29744.0,26728.0,29580.0
210,29536.0,27192.0,29536.0
211,29752.0,27360.0,29416.0
212,29752.0,27376.0,29680.0
213,29732.0,27080.0,29304.0
214,29760.0,27112.0,29712.0
215,29752.0,27136.0,29696.0
216,29536.0,27456.0,29556.0
217,29644.0,27052.0,29680.0
218,29748.0,27192.0,29452.0
219,29572.0,26920.0,29292.0
220,29368.0,26092.0,29068.0
221,29400.0,28852.0,29140.0
222,28712.0,25264.0,28600.0
223,28756.0,26992.0,29452.0
224,29760.0,28408.0,29692.0
225,29772.0,27760.0,29420.0
226,29760.0,27308.0,29636.0
227,29676.0,27132.0,29604.0
228,29764.0,27268.0,29452.0
229,29748.0,26888.0,29500.0
230,29724.0,26572.0,29476.0
231,29484.0,26028.0,29464.0
232,29748.0,25912.0,29396.0
233,29672.0,26416.0,29360.0
234,29448.0,26752.0,29440.0
235,29728.0,25744.0,29640.0
236,29648.0,26512.0,29388.0
237,29384.0,25816.0,29576.0
238,29604.0,26104.0,29208.0
239,29324.0,24656.0,29260.0
240,29748.0,26428.0,29452.0
241,29748.0,26436.0,29360.0
242,29736.0,26584.0,29196.0
243,29744.0,26456.0,29480.0
244,29768.0,26408.0,29216.0
245,29764.0,26692.0,29376.0
246,29744.0,25736.0,29368.0
247,29748.0,26056.0,29328.0
248,29764.0,26948.0,29344.0
249,29672.0,26088.0,29536.0
250,29712.0,26120.0,29124.0
251,29760.0,27068.0,29508.0
252,29508.0,25892.0,29332.0
253,29648.0,26488.0,29320.0
254,29760.0,26208.0,29400.0
255,29736.0,25904.0,29200.0
256,29760.0,26656.0,29232.0
257,29680.0,26064.0,29388.0
258,29476.0,25156.0,29052.0
259,29748.0,26428.0,29264.0
260,29568.0,24988.0,29080.0
261,29704.0,26236.0,29100.0
262,29376.0,24288.0,29212.0
263,29624.0,25396.0,28988.0
264,29656.0,25624.0,29072.0
265,29728.0,25920.0,29192.0
266,29736.0,25568.0,29008.0
267,29692.0,25880.0,28900.0
268,29640.0,25412.0,29220.0
269,29608.0,24632.0,28668.0
270,29672.0,25520.0,29208.0
271,29724.0,25500.0,28800.0
272,29724.0,25340.0,29044.0
273,29680.0,25344.0,28880.0
274,29728.0,25376.0,29080.0
275,29684.0,25364.0,28964.0
276,29720.0,25084.0,28984.0
277,29688.0,25128.0,28520.0
278,29632.0,24660.0,29080.0
279,29704.0,24920.0,28808.0
280,29592.0,25088.0,28472.0
281,29568.0,25788.0,28448.0
282,29656.0,25580.0,28748.0
283,29688.0,26384.0,28280.0
284,29640.0,26024.0,29108.0
285,29636.0,24564.0,28176.0
286,29720.0,25768.0,28832.0
287,29256.0,23828.0,27800.0
288,29648.0,25080.0,28764.0
289,29320.0,24300.0,28000.0
290,29680.0,24956.0,28436.0
291,29292.0,23560.0,28224.0
292,29184.0,23764.0,28148.0
293,29664.0,24848.0,28160.0
294,29608.0,24836.0,28500.0
295,29644.0,23532.0,27564.0
296,29608.0,22232.0,28232.0
297,29520.0,21912.0,27040.0
298,29496.0,23108.0,28072.0
299,29480.0,20544.0,26888.0
300,29556.0,22420.0,27956.0
301,29080.0,23000.0,27512.0
302,29192.0,21632.0,27616.0
303,29492.0,21312.0,27520.0
304,29564.0,22940.0,28412.0
305,29424.0,20344.0,26980.0
306,29584.0,21784.0,28032.0
307,29424.0,21264.0,26200.0
308,29336.0,20472.0,27196.0
309,29056.0,22224.0,27656.0
310,29420.0,20368.0,27192.0
311,29672.0,23824.0,27688.0
312,29256.0,19840.0,26304.0
313,29436.0,22900.0,26836.0
314,29488.0,21368.0,27628.0
315,29208.0,20508.0,26868.0
316,29428.0,23924.0,27976.0
317,29528.0,19232.0,26320.0
318,29488.0,20436.0,27236.0
319,28632.0,17864.0,25820.0
320,29392.0,20184.0,27048.0
321,28864.0,21220.0,26780.0
322,29356.0,20080.0,27388.0
323,29364.0,18984.0,26416.0
324,29384.0,19644.0,27080.0
325,29076.0,19232.0,26180.0
326,29456.0,20404.0,27660.0
327,29488.0,18752.0,25496.0
328,29488.0,19984.0,26576.0
329,28704.0,19600.0,26328.0
330,29364.0,19252.0,27164.0
331,29348.0,19052.0,25684.0
332,29512.0,19600.0,27552.0
333,29368.0,19600.0,26904.0
334,28292.0,18796.0,26328.0
335,29340.0,18368.0,26008.0
336,29132.0,19640.0,27416.0
337,29060.0,19480.0,26320.0
338,28916.0,19664.0,27236.0
339,29176.0,18552.0,26104.0
340,28832.0,20308.0,26356.0
341,28252.0,18564.0,25516.0
342,28860.0,20032.0,26720.0
343,29224.0,18904.0,25544.0
344,28820.0,18720.0,25856.0
345,29468.0,19784.0,26176.0
346,28992.0,17892.0,26416.0
347,29240.0,18912.0,25544.0
348,29108.0,18836.0,26208.0
349,29264.0,18192.0,25680.0
350,28376.0,18640.0,25600.0
351,29360.0,18608.0,25816.0
352,28584.0,18552.0,25680.0
353,29172.0,19404.0,25812.0
354,28832.0,18956.0,25564.0
355,28772.0,20280.0,26168.0
356,28076.0,17636.0,25376.0
357,28348.0,18004.0,25460.0
358,28972.0,18064.0,25296.0
359,28148.0,18584.0,25960.0
360,29180.0,18892.0,25488.0
361,28160.0,17960.0,25296.0
362,28968.0,19016.0,25108.0
363,28068.0,16748.0,24044.0
364,28012.0,17048.0,25188.0
365,28008.0,17108.0,25200.0
366,27216.0,15740.0,22616.0
367,27692.0,15804.0,25336.0
368,27932.0,16848.0,24860.0
369,27124.0,15812.0,23728.0
370,28728.0,16320.0,20752.0
371,26456.0,15560.0,21832.0
372,28896.0,18808.0,23712.0
373,28140.0,15452.0,21732.0
374,28256.0,17072.0,22996.0
375,27672.0,15564.0,22424.0
376,28360.0,16244.0,21420.0
377,28112.0,16396.0,24216.0
378,28792.0,17304.0,21908.0
379,27732.0,17652.0,23416.0
380,28704.0,17332.0,21924.0
381,28108.0,17040.0,24260.0
382,28928.0,18680.0,22664.0
383,28584.0,15824.0,21056.0
384,28832.0,17920.0,23152.0
385,28040.0,16652.0,21428.0
386,27800.0,15608.0,19868.0
387,28140.0,18312.0,23184.0
388,28292.0,16452.0,21048.0
389,25428.0,16820.0,23024.0
390,28408.0,19016.0,23564.0
391,26088.0,17512.0,22248.0
392,25012.0,17824.0,22808.0
393,27088.0,17672.0,22704.0
394,23252.0,16228.0,22724.0
395,24432.0,18956.0,23732.0
396,26780.0,17000.0,21408.0
397,26748.0,18836.0,23568.0
398,26708.0,18124.0,22132.0
399,24600.0,18660.0,23784.0
400,26420.0,16344.0,20888.0
401,27960.0,15976.0,19832.0
402,27544.0,18604.0,23328.0
403,24652.0,15916.0,21580.0
404,26464.0,17060.0,21932.0
405,19556.0,15524.0,20092.0
406,27168.0,18640.0,22760.0
407,26088.0,16892.0,21512.0
408,23240.0,16568.0,22796.0
409,23484.0,16424.0,20764.0
410,20416.0,16012.0,20528.0
411,23480.0,16060.0,21192.0
412,24032.0,16340.0,20296.0
413,25280.0,16880.0,20624.0
414,26528.0,18788.0,22860.0
415,18816.0,15068.0,19488.0
416,25704.0,17300.0,21348.0
417,23868.0,15412.0,20024.0
418,21876.0,15268.0,21280.0
419,22688.0,15712.0,20520.0
420,25540.0,15580.0,19568.0
421,22312.0,14912.0,20012.0
422,26628.0,18108.0,21900.0
423,22684.0,15220.0,20316.0
424,26816.0,15320.0,19320.0
425,23132.0,15816.0,20548.0
426,23448.0,15860.0,19516.0
427,19936.0,15728.0,19104.0
428,26352.0,14152.0,18096.0
429,26132.0,16104.0,20420.0
430,21872.0,15196.0,18740.0
431,22552.0,14584.0,20072.0
432,23080.0,15236.0,19072.0
433,21064.0,14432.0,19984.0
434,21264.0,16504.0,20104.0
435,21468.0,13812.0,17940.0
436,27464.0,18136.0,21868.0
437,18008.0,14416.0,18376.0
438,23052.0,16484.0,19932.0
439,24296.0,14796.0,18676.0
440,21608.0,13660.0,18764.0
441,20900.0,14496.0,18864.0
442,18648.0,14192.0,17700.0
443,22164.0,14756.0,19196.0
444,20376.0,14888.0,19424.0
445,23000.0,15160.0,18804.0
446,24384.0,16384.0,19872.0
447,20188.0,14676.0,19072.0
448,22300.0,15160.0,18400.0
449,20108.0,13720.0,17704.0
450,20744.0,13836.0,19048.0
451,20964.0,14224.0,18540.0
452,18852.0,13644.0,16824.0
453,21212.0,14472.0,18676.0
454,21088.0,14276.0,17368.0
455,18724.0,12920.0,17372.0
456,25360.0,16464.0,19472.0
457,20340.0,14176.0,17492.0
458,18280.0,13820.0,17756.0
459,20292.0,14000.0,18072.0
460,18708.0,13200.0,16504.0
461,16164.0,13220.0,17944.0
462,24028.0,15072.0,18036.0
463,17060.0,12864.0,17844.0
464,23088.0,14464.0,17592.0
465,16484.0,12500.0,17156.0
466,22148.0,14188.0,16508.0
467,16832.0,12608.0,15704.0
468,21048.0,13328.0,16856.0
469,19912.0,13344.0,16520.0
470,26340.0,15812.0,17884.0
471,19176.0,13876.0,16464.0
472,20796.0,15020.0,16868.0
473,25152.0,12968.0,15752.0
474,23364.0,14008.0,16392.0
475,19496.0,13888.0,16964.0
476,16780.0,13528.0,16104.0
477,22128.0,13664.0,16792.0
478,25920.0,13944.0,15744.0
479,22992.0,13688.0,15872.0
480,20072.0,14072.0,15592.0
481,17212.0,12600.0,14596.0
482,19440.0,13152.0,16488.0
483,23848.0,12184.0,15708.0
484,18664.0,12708.0,16972.0
485,24712.0,12628.0,15800.0
486,18796.0,12976.0,17024.0
487,25456.0,12944.0,15816.0
488,21308.0,12116.0,15244.0
489,19108.0,12316.0,15920.0
490,20856.0,12588.0,16004.0
491,20388.0,12208.0,15140.0
492,18448.0,11524.0,15216.0
493,21312.0,12312.0,15680.0
494,19668.0,12248.0,15984.0
495,22260.0,12308.0,15236.0
496,22688.0,12260.0,15968.0
497,23072.0,12008.0,14488.0
498,25224.0,11112.0,14552.0
499,22560.0,12064.0,14568.0
500,24992.0,11192.0,14328.0
501,23080.0,11000.0,14136.0
502,24676.0,11760.0,14240.0
503,23196.0,12336.0,15188.0
504,21920.0,11684.0,14332.0
505,25352.0,11356.0,13696.0
506,23052.0,11340.0,15444.0
507,20784.0,10948.0,13552.0
508,25684.0,12368.0,15088.0
509,22792.0,11720.0,14264.0
510,22060.0,10648.0,13772.0
511,24096.0,11164.0,13484.0
512,24020.0,10852.0,14320.0
513,23520.0,11936.0,14556.0
514,24440.0,10808.0,13972.0
515,20128.0,11084.0,13400.0
516,18412.0,11388.0,14784.0
517,19588.0,10856.0,13000.0
518,23384.0,11392.0,13368.0
519,15776.0,10512.0,13112.0
520,22168.0,12496.0,14856.0
521,18516.0,11112.0,13316.0
522,20160.0,11280.0,13392.0
523,19464.0,10800.0,13112.0
524,18416.0,11092.0,13488.0
525,21556.0,11076.0,13432.0
526,18280.0,11032.0,13940.0
527,19376.0,10904.0,12924.0
528,22884.0,12608.0,14692.0
529,18172.0,10944.0,13164.0
530,16192.0,10776.0,12864.0
531,19544.0,11136.0,13096.0
532,17368.0,10888.0,13180.0
533,20768.0,10776.0,12812.0
534,16716.0,10700.0,13092.0
535,17832.0,10300.0,12280.0
536,21600.0,12044.0,13856.0
537,17476.0,10268.0,12548.0
538,20040.0,11092.0,12724.0
539,18012.0,10692.0,12792.0
540,18504.0,11072.0,13048.0
541,20376.0,10316.0,12152.0
542,21248.0,11536.0,13588.0
543,18960.0,10512.0,12356.0
544,17396.0,10528.0,12228.0
545,19880.0,10504.0,12576.0
546,18272.0,10784.0,12532.0
547,18088.0,10188.0,12100.0
548,20260.0,10532.0,12360.0
549,17608.0,10088.0,11612.0
550,20084.0,10436.0,12088.0
551,19776.0,10152.0,12040.0
552,20304.0,11224.0,12740.0
553,18928.0,9620.0,11668.0
554,20172.0,10176.0,12068.0
555,18076.0,9644.0,11656.0
556,19260.0,9960.0,11708.0
557,18732.0,10256.0,12072.0
558,19948.0,10224.0,11756.0
559,17808.0,10392.0,12072.0
560,16816.0,9848.0,11384.0
561,18184.0,9808.0,11920.0
562,16552.0,10360.0,11744.0
563,16704.0,10296.0,11656.0
564,17044.0,9876.0,11508.0
565,15736.0,10112.0,11548.0
566,18652.0,10228.0,11580.0
567,17952.0,10584.0,12120.0
568,16312.0,9692.0,11016.0
569,18740.0,10152.0,11540.0
570,18160.0,9760.0,11260.0
571,16516.0,9724.0,11064.0
572,16976.0,9912.0,11348.0
573,16384.0,9416.0,10888.0
574,16664.0,9644.0,10980.0
575,17716.0,10372.0,11788.0
576,14580.0,8640.0,10304.0
577,17424.0,9728.0,11192.0
578,15736.0,8676.0,10128.0
579,15968.0,9436.0,11008.0
580,15568.0,8952.0,10284.0
581,16024.0,9900.0,11260.0
582,15392.0,9032.0,10436.0
583,14760.0,9136.0,10568.0
584,15448.0,8828.0,10184.0
585,15540.0,9208.0,10644.0
586,15856.0,9288.0,10588.0
587,15028.0,9004.0,10432.0
588,15872.0,9848.0,10776.0
589,15156.0,10168.0,11176.0
590,13960.0,8948.0,10136.0
591,16108.0,10188.0,10948.0
592,14536.0,9336.0,10248.0
593,15872.0,9204.0,10440.0
594,16336.0,9176.0,10416.0
595,13816.0,8880.0,9992.0
596,16060.0,9328.0,10464.0
597,15072.0,9244.0,10420.0
598,14688.0,9120.0,10128.0
599,16688.0,10076.0,10860.0
600,14736.0,9152.0,10280.0
601,15276.0,9404.0,10248.0
602,14440.0,9004.0,10068.0
603,14500.0,9580.0,10364.0
604,14152.0,9240.0,10040.0
605,15040.0,9176.0,9888.0
606,15008.0,9392.0,10096.0
607,14560.0,9772.0,10368.0
608,14028.0,8824.0,9780.0
609,15844.0,9660.0,10260.0
610,13808.0,8760.0,9688.0
611,14136.0,9016.0,9840.0
612,15692.0,9432.0,10072.0
613,14128.0,8928.0,9664.0
614,14376.0,8776.0,9456.0
615,14520.0,9732.0,10096.0
616,13668.0,8776.0,9396.0
617,15120.0,9672.0,9944.0
618,13924.0,8928.0,9504.0
619,13984.0,8888.0,9444.0
620,13980.0,8636.0,9380.0
621,13896.0,8800.0,9468.0
622,13444.0,8616.0,9372.0
623,14152.0,8576.0,9276.0
624,13280.0,8892.0,9452.0
625,14556.0,8940.0,9444.0
626,14256.0,9024.0,9424.0
627,13804.0,8540.0,9112.0
628,14900.0,9360.0,9588.0
629,12776.0,8372.0,8960.0
630,12984.0,8108.0,8928.0
631,14732.0,8872.0,9344.0
632,13588.0,8900.0,9220.0
633,13472.0,8148.0,8884.0
634,13932.0,8848.0,9260.0
635,13768.0,8504.0,9192.0
636,13492.0,8324.0,9288.0
637,12920.0,8160.0,8936.0
638,13920.0,8364.0,9092.0
639,12904.0,8260.0,8732.0
640,12908.0,8040.0,8704.0
641,13016.0,7940.0,8576.0
642,13036.0,8016.0,8588.0
643,12676.0,8044.0,8712.0
644,12168.0,7872.0,8540.0
645,13008.0,8124.0,8588.0
646,13076.0,8264.0,8668.0
647,12848.0,7776.0,8320.0
648,13608.0,8272.0,8624.0
649,12896.0,7940.0,8468.0
650,13008.0,8172.0,8600.0
651,12320.0,7884.0,9056.0
652,13052.0,8268.0,8664.0
653,12892.0,8204.0,9148.0
654,12192.0,7756.0,8460.0
655,12908.0,8028.0,8532.0
656,13204.0,8268.0,9224.0
657,12080.0,7596.0,8824.0
658,12312.0,7992.0,9016.0
659,11824.0,7752.0,8528.0
660,12744.0,7904.0,8344.0
661,11408.0,7704.0,8408.0
662,11932.0,7620.0,8300.0
663,12504.0,8072.0,8572.0
664,11952.0,7528.0,8300.0
665,12056.0,7388.0,8096.0
666,11868.0,7792.0,8420.0
667,11708.0,7404.0,8124.0
668,12056.0,7596.0,8260.0
669,11160.0,7240.0,8072.0
670,11632.0,7688.0,8212.0
671,11432.0,7424.0,8056.0
672,11512.0,7592.0,8188.0
673,11560.0,7636.0,8084.0
674,11404.0,7720.0,8232.0
675,11172.0,7160.0,7984.0
676,11864.0,7896.0,8428.0
677,11508.0,7572.0,8172.0
678,10584.0,7304.0,7864.0
679,11460.0,7524.0,7980.0
680,11320.0,7664.0,7992.0
681,11464.0,7264.0,7768.0
682,11052.0,7404.0,7856.0
683,11244.0,7304.0,7756.0
684,11652.0,7716.0,7976.0
685,11136.0,7516.0,7884.0
686,11112.0,7356.0,7760.0
687,11488.0,7604.0,7880.0
688,10980.0,7460.0,7784.0
689,11044.0,7332.0,7748.0
690,11416.0,7704.0,7880.0
691,11008.0,7264.0,7628.0
692,11972.0,7984.0,8016.0
693,10640.0,7264.0,7664.0
694,11248.0,7352.0,7640.0
695,10628.0,7228.0,7592.0
696,10760.0,7256.0,7572.0
697,10684.0,7120.0,7540.0
698,10804.0,7120.0,7536.0
699,10648.0,7184.0,7560.0
700,10888.0,7144.0,7544.0
701,10768.0,7088.0,7488.0
702,11232.0,7528.0,7752.0
703,10784.0,7152.0,7512.0
704,10616.0,6948.0,7428.0
705,11060.0,7412.0,7672.0
706,10732.0,7144.0,7504.0
707,10672.0,7028.0,7448.0
708,11224.0,7512.0,7708.0
709,10600.0,6992.0,7428.0
710,10720.0,7216.0,7528.0
711,10688.0,7116.0,7472.0
712,10196.0,6644.0,7212.0
713,10744.0,7100.0,7460.0
714,10340.0,6836.0,7268.0
715,10264.0,6712.0,7200.0
716,11092.0,7268.0,7488.0
717,10376.0,6864.0,7268.0
718,10456.0,6700.0,7192.0
719,10388.0,6928.0,7340.0
720,10424.0,6808.0,7360.0
721,10560.0,6944.0,7328.0
722,10364.0,7008.0,7364.0
723,10068.0,6616.0,7128.0
724,10348.0,6760.0,7192.0
725,10112.0,6680.0,7112.0
726,10552.0,6860.0,7212.0
727,10460.0,6924.0,7256.0
728,10136.0,6664.0,7096.0
729,10496.0,7044.0,7328.0
730,10104.0,6640.0,7076.0
731,10928.0,7136.0,7336.0
732,10356.0,6848.0,7184.0
733,10084.0,6640.0,7080.0
734,10404.0,6848.0,7164.0
735,10692.0,7116.0,7336.0
736,9804.0,6404.0,6956.0
737,10516.0,6928.0,7232.0
738,10076.0,6572.0,7024.0
739,9708.0,6372.0,6920.0
740,9992.0,6564.0,7008.0
741,9916.0,6644.0,7032.0
742,10096.0,6752.0,7060.0
743,9888.0,6664.0,6984.0
744,10200.0,6628.0,6988.0
745,9804.0,6584.0,7000.0
746,10100.0,6616.0,7000.0
747,10040.0,6672.0,7092.0
748,9620.0,6332.0,6836.0
749,9940.0,6684.0,7060.0
750,9588.0,6352.0,6848.0
751,10080.0,6776.0,7088.0
752,9824.0,6360.0,6824.0
753,9820.0,6348.0,6836.0
754,9800.0,6424.0,6896.0
755,9844.0,6448.0,6904.0
756,9536.0,6112.0,6720.0
757,9600.0,6256.0,6804.0
758,9968.0,6544.0,7044.0
759,9656.0,6332.0,6984.0
760,9788.0,6296.0,6936.0
761,9748.0,6464.0,7096.0
762,9436.0,6176.0,6864.0
763,10096.0,6612.0,7108.0
764,9544.0,6164.0,6876.0
765,9024.0,5928.0,6776.0
766,9792.0,6360.0,7024.0
767,9520.0,6168.0,6848.0
768,9556.0,6224.0,6876.0
769,9488.0,6160.0,6904.0
770,9704.0,6132.0,6888.0
771,9708.0,6400.0,7072.0
772,9400.0,6036.0,6772.0
773,9684.0,6368.0,7068.0
774,9384.0,6032.0,6872.0
775,9284.0,6040.0,6792.0
776,9280.0,5988.0,6848.0
777,9388.0,6044.0,6848.0
778,9704.0,6312.0,7044.0
779,9344.0,6060.0,6896.0
780,9544.0,6068.0,6884.0
781,9680.0,6344.0,7080.0
782,9284.0,5924.0,6800.0
783,9928.0,6472.0,7156.0
784,9820.0,6492.0,7132.0
785,9656.0,6608.0,7168.0
786,9816.0,6556.0,7100.0
787,9660.0,6400.0,7004.0
788,9952.0,6684.0,7204.0
789,9396.0,6244.0,6836.0
790,9524.0,6248.0,6840.0
791,9576.0,6520.0,7004.0
792,9468.0,6372.0,6928.0
793,9804.0,6724.0,7164.0
794,9352.0,6228.0,6848.0
795,9808.0,6608.0,7096.0
796,9536.0,6364.0,6928.0
797,9372.0,6328.0,6924.0
798,9840.0,6684.0,7108.0
799,9476.0,6436.0,6960.0
800,9748.0,6692.0,7116.0
801,9256.0,6292.0,6884.0
802,9464.0,6312.0,6900.0
803,9728.0,6664.0,7124.0
804,9456.0,6344.0,6920.0
805,9680.0,6608.0,7088.0
806,9124.0,6056.0,6756.0
807,9580.0,6484.0,7052.0
808,9300.0,6268.0,6900.0
809,9524.0,6380.0,6876.0
810,9256.0,6204.0,6768.0
811,9172.0,6132.0,6732.0
812,9256.0,6176.0,6756.0
813,9068.0,6064.0,6692.0
814,9312.0,6224.0,6768.0
815,9104.0,6108.0,6704.0
816,9360.0,6168.0,6712.0
817,9320.0,6288.0,6792.0
818,9160.0,6136.0,6744.0
819,9520.0,6400.0,6856.0
820,9204.0,6056.0,6664.0
821,9316.0,6240.0,6768.0
822,9032.0,5964.0,6608.0
823,9148.0,6008.0,6748.0
824,9084.0,5944.0,6764.0
825,9284.0,6144.0,6832.0
826,9144.0,6008.0,6840.0
827,9576.0,6312.0,6936.0
828,8936.0,5960.0,6528.0
829,9304.0,6136.0,6640.0
830,9028.0,5996.0,6548.0
831,9196.0,6000.0,6532.0
832,9332.0,6228.0,6720.0
833,8936.0,5820.0,6436.0
834,9372.0,6264.0,6748.0
835,8984.0,5920.0,6508.0
836,9436.0,6224.0,6696.0
837,9220.0,6140.0,6592.0
838,8872.0,5896.0,6472.0
839,9004.0,5880.0,6480.0
840,8876.0,5980.0,6536.0
841,8992.0,5932.0,6508.0
842,9012.0,6004.0,6560.0
843,9356.0,6272.0,6732.0
844,9152.0,6120.0,6672.0
845,9136.0,6028.0,6624.0
846,9320.0,6280.0,6784.0
847,8848.0,5824.0,6476.0
848,9272.0,6156.0,6708.0
849,8992.0,5904.0,6576.0
850,9244.0,6112.0,6708.0
851,8956.0,5848.0,6552.0
852,9176.0,6040.0,6684.0
853,8948.0,5908.0,6584.0
854,9144.0,6048.0,6740.0
855,8884.0,5784.0,6648.0
856,9440.0,6280.0,7016.0
857,9024.0,5848.0,6648.0
858,8876.0,5792.0,6632.0
859,9024.0,5904.0,6716.0
860,8936.0,5888.0,6712.0
861,9328.0,6184.0,6896.0
862,8968.0,5948.0,6736.0
863,9072.0,6072.0,6816.0
864,8832.0,5760.0,6612.0
865,9336.0,6152.0,6652.0
866,9048.0,5964.0,6484.0
867,9012.0,5932.0,6460.0
868,9004.0,5984.0,6480.0
869,8992.0,5864.0,6392.0
870,9132.0,6136.0,6552.0
871,9088.0,6140.0,6556.0
872,8884.0,5868.0,6384.0
873,9280.0,6320.0,6684.0
874,8876.0,5908.0,6404.0
875,9032.0,6100.0,6544.0
876,8972.0,6028.0,6528.0
877,8836.0,5984.0,6488.0
878,8976.0,5996.0,6504.0
879,8812.0,5924.0,6440.0
880,8896.0,5956.0,6472.0
881,8880.0,5888.0,6432.0
882,8700.0,5748.0,6312.0
883,8988.0,6096.0,6556.0
884,8684.0,5764.0,6352.0
885,8928.0,5980.0,6496.0
886,8976.0,6036.0,6528.0
887,8596.0,5712.0,6320.0
888,8952.0,6020.0,6516.0
889,8696.0,5844.0,6392.0
890,8672.0,5768.0,6372.0
891,8808.0,5896.0,6440.0
892,8728.0,5800.0,6364.0
893,8892.0,6000.0,6496.0
894,8692.0,5828.0,6380.0
895,9020.0,6072.0,6552.0
896,8808.0,5888.0,6420.0
897,8592.0,5736.0,6316.0
898,8828.0,5872.0,6436.0
899,8648.0,5712.0,6272.0
900,8936.0,5996.0,6484.0
901,8760.0,5824.0,6400.0
902,8544.0,5720.0,6312.0
903,8840.0,5940.0,6516.0
904,8436.0,5576.0,6240.0
905,8712.0,5896.0,6424.0
906,8688.0,5864.0,6448.0
907,8388.0,5540.0,6220.0
908,8776.0,5816.0,6464.0
909,8588.0,5672.0,6328.0
910,8444.0,5580.0,6252.0
911,8676.0,5716.0,6388.0
912,8572.0,5708.0,6288.0
913,8688.0,5736.0,6352.0
914,8596.0,5680.0,6300.0
915,8392.0,5632.0,6272.0
916,8648.0,5752.0,6576.0
917,8396.0,5524.0,6420.0
918,8660.0,5740.0,6452.0
919,8400.0,5560.0,6308.0
920,8328.0,5480.0,6260.0
921,8508.0,5584.0,6340.0
922,8432.0,5584.0,6328.0
923,8504.0,5696.0,6424.0
924,8432.0,5512.0,6240.0
925,8728.0,5808.0,6448.0
926,8500.0,5608.0,6296.0
927,8496.0,5628.0,6320.0
928,8524.0,5688.0,6372.0
929,8328.0,5544.0,6228.0
930,8516.0,5664.0,6324.0
931,8376.0,5608.0,6252.0
932,8352.0,5620.0,6292.0
933,8484.0,5684.0,6352.0
934,8368.0,5520.0,6232.0
935,8512.0,5808.0,6416.0
936,8304.0,5584.0,6260.0
937,8576.0,5860.0,6468.0
938,8384.0,5620.0,6284.0
939,8444.0,5692.0,6332.0
940,8444.0,5732.0,6372.0
941,8224.0,5524.0,6244.0
942,8468.0,5696.0,6348.0
943,8216.0,5532.0,6236.0
944,8344.0,5592.0,6264.0
945,8416.0,5672.0,6344.0
946,8224.0,5488.0,6264.0
947,8348.0,5636.0,6344.0
948,7984.0,5352.0,6160.0
949,8608.0,5768.0,6424.0
950,8172.0,5500.0,6232.0
951,8508.0,5704.0,6380.0
952,8352.0,5584.0,6304.0
953,8132.0,5468.0,6208.0
954,8352.0,5700.0,6396.0
955,8224.0,5536.0,6268.0
956,8384.0,5672.0,6376.0
957,8236.0,5584.0,6288.0
958,8424.0,5684.0,6364.0
959,8408.0,5716.0,6400.0
960,8192.0,5524.0,6264.0
961,8504.0,5768.0,6448.0
962,8064.0,5420.0,6196.0
963,8488.0,5736.0,6412.0
964,8304.0,5600.0,6312.0
965,8248.0,5584.0,6304.0
966,8368.0,5672.0,6352.0
967,8268.0,5548.0,6284.0
968,8384.0,5648.0,6356.0
969,8176.0,5544.0,6260.0
970,8428.0,5720.0,6400.0
971,8160.0,5528.0,6252.0
972,8228.0,5516.0,6256.0
973,8208.0,5544.0,6284.0
974,8192.0,5540.0,6264.0
975,8168.0,5572.0,6344.0
976,8212.0,5548.0,6288.0
977,8224.0,5624.0,6360.0
978,8068.0,5436.0,6216.0
979,8140.0,5476.0,6256.0
980,8052.0,5416.0,6220.0
981,8368.0,5620.0,6352.0
982,8176.0,5508.0,6292.0
983,8248.0,5596.0,6364.0
984,8180.0,5500.0,6284.0
985,8040.0,5412.0,6228.0
986,8096.0,5448.0,6272.0
987,8120.0,5416.0,6280.0
988,8200.0,5608.0,6408.0
989,8192.0,5512.0,6184.0
990,8288.0,5668.0,6316.0
991,7932.0,5316.0,5984.0
992,7908.0,5376.0,6064.0
993,7924.0,5252.0,5988.0
994,7908.0,5324.0,6012.0
995,8080.0,5464.0,6140.0
996,8040.0,5480.0,6160.0
997,7920.0,5328.0,6024.0
998,8064.0,5440.0,6104.0
999,7992.0,5356.0,6020.0
1000,8108.0,5472.0,6144.0
1001,8152.0,5456.0,6148.0
1002,7976.0,5312.0,6016.0
1003,8336.0,5592.0,6224.0
1004,8032.0,5392.0,6064.0
1005,8108.0,5436.0,6132.0
1006,8152.0,5516.0,6164.0
1007,8048.0,5380.0,6052.0
1008,8072.0,5488.0,6144.0
1009,7932.0,5308.0,6012.0
1010,8128.0,5440.0,6100.0
1011,8040.0,5440.0,6116.0
1012,8044.0,5356.0,6064.0
1013,8068.0,5368.0,6052.0
1014,7908.0,5340.0,6028.0
1015,8156.0,5468.0,6136.0
1016,7860.0,5256.0,6076.0
1017,7956.0,5220.0,5976.0
1018,7944.0,5376.0,6080.0
1019,8040.0,5372.0,6044.0
1020,8036.0,5376.0,6092.0
1021,7944.0,5288.0,6012.0
1022,8028.0,5380.0,6068.0
1023,7936.0,5340.0,6100.0
1024,8052.0,5396.0,6084.0
1025,7944.0,5364.0,6152.0
1026,7956.0,5260.0,6036.0
1027,7944.0,5304.0,6084.0
1028,7836.0,5212.0,6000.0
1029,8104.0,5420.0,6184.0
1030,7904.0,5324.0,6196.0
1031,8072.0,5472.0,6248.0
1032,7804.0,5248.0,6084.0
1033,8112.0,5456.0,6184.0
1034,8072.0,5448.0,6192.0
1035,7944.0,5328.0,6104.0
1036,8060.0,5420.0,6132.0
1037,7840.0,5212.0,5968.0
1038,8132.0,5412.0,6108.0
1039,7960.0,5272.0,5984.0
1040,8240.0,5488.0,6160.0
1041,7952.0,5272.0,5976.0
1042,7944.0,5260.0,5968.0
1043,7932.0,5332.0,6036.0
1044,7952.0,5272.0,5952.0
1045,8048.0,5448.0,6116.0
1046,7904.0,5248.0,5948.0
1047,7964.0,5368.0,6084.0
1048,7816.0,5168.0,5928.0
1049,7996.0,5328.0,6076.0
1050,7824.0,5088.0,5864.0
1051,8064.0,5280.0,6032.0
1052,7748.0,5096.0,5876.0
1053,7856.0,5212.0,5952.0
1054,7748.0,5188.0,5956.0
1055,7936.0,5336.0,6024.0
1056,7892.0,5244.0,5948.0
1057,8000.0,5360.0,6040.0
1058,7952.0,5332.0,6020.0
1059,8108.0,5400.0,6088.0
1060,7800.0,5112.0,5848.0
1061,7868.0,5240.0,5924.0
1062,7808.0,5280.0,5968.0
1063,7800.0,5080.0,5808.0
1064,7720.0,5100.0,5832.0
1065,7852.0,5208.0,5896.0
1066,7816.0,5216.0,5880.0
1067,7804.0,5132.0,5908.0
1068,7864.0,5252.0,6004.0
1069,7820.0,5160.0,5924.0
1070,7908.0,5308.0,6056.0
1071,7800.0,5172.0,5928.0
1072,7824.0,5184.0,5944.0
1073,7908.0,5276.0,6004.0
1074,7760.0,5140.0,5908.0
1075,7836.0,5164.0,5888.0
1076,7836.0,5236.0,5988.0
1077,7656.0,5000.0,5792.0
1078,7880.0,5192.0,5960.0
1079,7596.0,5040.0,5840.0
1080,7772.0,5136.0,5896.0
1081,7612.0,5032.0,5840.0
1082,7752.0,5192.0,5920.0
1083,7608.0,5084.0,5856.0
1084,7900.0,5252.0,5956.0
1085,7700.0,5140.0,5884.0
1086,7860.0,5216.0,5932.0
1087,7688.0,5104.0,5856.0
1088,7764.0,5188.0,5904.0
1089,7748.0,5140.0,5884.0
1090,7840.0,5228.0,5936.0
1091,7740.0,5168.0,5896.0
1092,7784.0,5240.0,5968.0
1093,7656.0,5112.0,5848.0
1094,7848.0,5264.0,6056.0
1095,7816.0,5224.0,5920.0
1096,7860.0,5324.0,6008.0
1097,7760.0,5104.0,5856.0
1098,7816.0,5216.0,5952.0
1099,7720.0,5104.0,5864.0
1100,7684.0,5128.0,5892.0
1101,7732.0,5172.0,5908.0
1102,7648.0,5148.0,5892.0
1103,7680.0,5100.0,5848.0
1104,7696.0,5176.0,5924.0
1105,7856.0,5216.0,5928.0
1106,7796.0,5240.0,5916.0
1107,7812.0,5224.0,5856.0
1108,7804.0,5260.0,5948.0
1109,7728.0,5164.0,5876.0
1110,7888.0,5268.0,5972.0
1111,7672.0,5116.0,5868.0
1112,7864.0,5252.0,5960.0
1113,7720.0,5136.0,5848.0
1114,7944.0,5384.0,6040.0
1115,7688.0,5112.0,5808.0
1116,7824.0,5328.0,5976.0
1117,7752.0,5208.0,5880.0
1118,7792.0,5248.0,5908.0
1119,7720.0,5220.0,5876.0
1120,7724.0,5196.0,5868.0
1121,7632.0,5132.0,5816.0
1122,7748.0,5208.0,5876.0
1123,7712.0,5248.0,5904.0
1124,7772.0,5220.0,5864.0
1125,7656.0,5264.0,5912.0
1126,7916.0,5368.0,5980.0
1127,7692.0,5224.0,5888.0
1128,7772.0,5260.0,5884.0
1129,7804.0,5252.0,5892.0
1130,7748.0,5244.0,5884.0
1131,7656.0,5200.0,5840.0
1132,7636.0,5160.0,5836.0
1133,7728.0,5216.0,5892.0
1134,7576.0,5032.0,5764.0
1135,7656.0,5096.0,5808.0
1136,7648.0,5064.0,5768.0
1137,7804.0,5240.0,5920.0
1138,7680.0,5224.0,5876.0
1139,7732.0,5272.0,5920.0
1140,7728.0,5260.0,5904.0
1141,7752.0,5212.0,5892.0
1142,7652.0,5252.0,5936.0
1143,7576.0,5092.0,5804.0
1144,7676.0,5216.0,5920.0
1145,7672.0,5124.0,5824.0
1146,7664.0,5256.0,5944.0
1147,7792.0,5224.0,5888.0
1148,7700.0,5288.0,5972.0
1149,7792.0,5232.0,5896.0
1150,7616.0,5188.0,5900.0
1151,7776.0,5224.0,5888.0
1152,7672.0,5368.0,6024.0
1153,7788.0,5328.0,5980.0
1154,7696.0,5328.0,6004.0
1155,7752.0,5312.0,5968.0
1156,7656.0,5320.0,5984.0
1157,7752.0,5256.0,5928.0
1158,7608.0,5216.0,5904.0
1159,7548.0,5184.0,5892.0
1160,7624.0,5228.0,5920.0
1161,7528.0,5204.0,5888.0
1162,7668.0,5264.0,5936.0
1163,7440.0,5148.0,5856.0
1164,7592.0,5244.0,5916.0
1165,7460.0,5196.0,5864.0
1166,7652.0,5280.0,5940.0
1167,7460.0,5224.0,5896.0
1168,7576.0,5256.0,5912.0
1169,7520.0,5208.0,5896.0
1170,7520.0,5252.0,5900.0
1171,7664.0,5320.0,5960.0
1172,7584.0,5292.0,5928.0
1173,7600.0,5276.0,5932.0
1174,7384.0,5160.0,5836.0
1175,7580.0,5236.0,5920.0
1176,7452.0,5232.0,5888.0
1177,7536.0,5232.0,5908.0
1178,7528.0,5200.0,5880.0
1179,7780.0,5392.0,6020.0
1180,7556.0,5184.0,5888.0
1181,7832.0,5444.0,6064.0
1182,7520.0,5176.0,5836.0
1183,7776.0,5412.0,6024.0
1184,7444.0,5176.0,5836.0
1185,7716.0,5340.0,5964.0
1186,7452.0,5148.0,5824.0
1187,7632.0,5328.0,5944.0
1188,7508.0,5256.0,5896.0
1189,7728.0,5368.0,5968.0
1190,7528.0,5224.0,5848.0
1191,7816.0,5464.0,6032.0
1192,7548.0,5260.0,5880.0
1193,7696.0,5320.0,5920.0
1194,7616.0,5184.0,5816.0
1195,7656.0,5336.0,5944.0
1196,7572.0,5248.0,5864.0
1197,7672.0,5308.0,5920.0
1198,7532.0,5188.0,5820.0
1199,7664.0,5336.0,5952.0
1200,7528.0,5192.0,5848.0
1201,7604.0,5276.0,5896.0
1202,7516.0,5200.0,5836.0
1203,7604.0,5256.0,5896.0
1204,7408.0,5060.0,5748.0
1205,7692.0,5312.0,5952.0
1206,7500.0,5180.0,5844.0
1207,7568.0,5232.0,5908.0
1208,7444.0,5112.0,5784.0
1209,7576.0,5240.0,5928.0
1210,7564.0,5248.0,5896.0
1211,7632.0,5336.0,5984.0
1212,7492.0,5156.0,5820.0
1213,7552.0,5264.0,5944.0
1214,7388.0,5088.0,5824.0
1215,7660.0,5300.0,5968.0
1216,7460.0,5048.0,5772.0
1217,7652.0,5288.0,5960.0
1218,7412.0,5064.0,5772.0
1219,7520.0,5252.0,5936.0
1220,7432.0,5032.0,5752.0
1221,7484.0,5068.0,5792.0
1222,7392.0,4936.0,5672.0
1223,7688.0,5248.0,5928.0
1224,7412.0,5044.0,5760.0
1225,7548.0,5256.0,5920.0
1226,7592.0,5264.0,5920.0
1227,7484.0,5200.0,5884.0
1228,7468.0,5124.0,5800.0
1229,7436.0,5160.0,5796.0
1230,7568.0,5224.0,5912.0
1231,7464.0,5072.0,5776.0
1232,7688.0,5296.0,5952.0
1233,7564.0,5264.0,5924.0
1234,7456.0,5180.0,5856.0
1235,7460.0,5144.0,5820.0
1236,7412.0,5180.0,5872.0
1237,7500.0,5248.0,5928.0
1238,7348.0,5076.0,5784.0
1239,7712.0,5388.0,6056.0
1240,7412.0,5108.0,5824.0
1241,7500.0,5268.0,5964.0
1242,7472.0,5248.0,5904.0
1243,7376.0,5156.0,5872.0
1244,7564.0,5240.0,5936.0
1245,7340.0,5028.0,5772.0
1246,7668.0,5336.0,6036.0
1247,7432.0,5124.0,5848.0
1248,7592.0,5316.0,5992.0
1249,7432.0,5128.0,5844.0
1250,7548.0,5288.0,5984.0
1251,7484.0,5120.0,5828.0
1252,7444.0,5184.0,5892.0
1253,7536.0,5152.0,5896.0
1254,7452.0,5120.0,5840.0
1255,7800.0,5448.0,6116.0
1256,7488.0,5172.0,5888.0
1257,7568.0,5332.0,6008.0
1258,7480.0,5212.0,5896.0
1259,7660.0,5404.0,6060.0
1260,7544.0,5196.0,5884.0
1261,7380.0,5192.0,5892.0
1262,7560.0,5252.0,5948.0
1263,7520.0,5264.0,5968.0
1264,7600.0,5372.0,6052.0
1265,7480.0,5080.0,5816.0
1266,7536.0,5120.0,5888.0
1267,7428.0,5112.0,5884.0
1268,7528.0,5160.0,5896.0
1269,7480.0,5064.0,5840.0
1270,7468.0,5188.0,5916.0
1271,7528.0,5216.0,5948.0
1272,7480.0,5200.0,5952.0
1273,7728.0,5328.0,6064.0
1274,7552.0,5144.0,5888.0
1275,7664.0,5216.0,5968.0
1276,7556.0,5200.0,5928.0
1277,7568.0,5324.0,6032.0
1278,7544.0,5212.0,5928.0
1279,7556.0,5260.0,5992.0
1280,7536.0,5156.0,5876.0
1281,7472.0,5224.0,5936.0
1282,7532.0,5164.0,5884.0
1283,7480.0,5232.0,5936.0
1284,7536.0,5248.0,5952.0
1285,7400.0,5116.0,5840.0
1286,7656.0,5300.0,6024.0
1287,7408.0,5076.0,5820.0
1288,7744.0,5440.0,6124.0
1289,7428.0,5080.0,5828.0
1290,7728.0,5436.0,6128.0
1291,7392.0,5068.0,5824.0
1292,7764.0,5436.0,6136.0
1293,7420.0,5080.0,5844.0
1294,7784.0,5444.0,6140.0
1295,7488.0,5160.0,5888.0
1296,7544.0,5264.0,5992.0
1297,7500.0,5252.0,5976.0
1298,7416.0,5192.0,5944.0
1299,7532.0,5280.0,5984.0
1300,7416.0,5224.0,5968.0
1301,7544.0,5256.0,5972.0
1302,7384.0,5112.0,5868.0
1303,7840.0,5484.0,6184.0
1304,7416.0,5064.0,5824.0
1305,7312.0,5176.0,5944.0
1306,7496.0,5080.0,5880.0
1307,7480.0,5180.0,5952.0
1308,7516.0,5236.0,5972.0
1309,7392.0,5180.0,5952.0
1310,7452.0,5176.0,5928.0
1311,7376.0,5160.0,5920.0
1312,7544.0,5216.0,5952.0
1313,7428.0,5188.0,5932.0
1314,7564.0,5224.0,5976.0
1315,7432.0,5116.0,5892.0
1316,7776.0,5368.0,6128.0
1317,7544.0,5200.0,5968.0
1318,7536.0,5248.0,6008.0
1319,7648.0,5372.0,6088.0
1320,7488.0,5196.0,5960.0
1321,7632.0,5344.0,6052.0
1322,7444.0,5264.0,6024.0
1323,7568.0,5220.0,5996.0
1324,7508.0,5208.0,5984.0
1325,7808.0,5416.0,6156.0
1326,7632.0,5304.0,6056.0
1327,7640.0,5320.0,6072.0
1328,7592.0,5272.0,6032.0
1329,7576.0,5296.0,6056.0
1330,7656.0,5276.0,6040.0
1331,7580.0,5280.0,6068.0
1332,7744.0,5320.0,6080.0
1333,7640.0,5368.0,6096.0
1334,7756.0,5316.0,6064.0
1335,7636.0,5304.0,6056.0
1336,7736.0,5352.0,6076.0
1337,7600.0,5336.0,6072.0
1338,7572.0,5252.0,6020.0
1339,7596.0,5280.0,6052.0
1340,7528.0,5196.0,5976.0
1341,7520.0,5224.0,6000.0
1342,7544.0,5204.0,6000.0
1343,7408.0,5168.0,5972.0
1344,7468.0,5184.0,5988.0
1345,7464.0,5168.0,5960.0
1346,7396.0,5076.0,5884.0
1347,7448.0,5096.0,5912.0
1348,7476.0,5200.0,5996.0
1349,7444.0,5160.0,5944.0
1350,7480.0,5204.0,5976.0
1351,7528.0,5268.0,6012.0
1352,7484.0,5180.0,5968.0
1353,7424.0,5168.0,5936.0
1354,7616.0,5216.0,5976.0
1355,7512.0,5160.0,5920.0
1356,7608.0,5280.0,6036.0
1357,7436.0,5244.0,6036.0
1358,7540.0,5192.0,6000.0
1359,7400.0,5192.0,5984.0
1360,7584.0,5224.0,6040.0
1361,7320.0,5200.0,5968.0
1362,7592.0,5240.0,6056.0
1363,7392.0,5032.0,5884.0
1364,7632.0,5256.0,6092.0
1365,7308.0,5080.0,5932.0
1366,7592.0,5232.0,6056.0
1367,7348.0,5116.0,5964.0
1368,7600.0,5268.0,6112.0
1369,7344.0,5064.0,6000.0
1370,7412.0,5168.0,6032.0
1371,7452.0,5216.0,6084.0
1372,7436.0,5208.0,6068.0
1373,7644.0,5416.0,6228.0
1374,7488.0,5292.0,6136.0
1375,7576.0,5292.0,6128.0
1376,7360.0,5132.0,6012.0
1377,7496.0,5252.0,6084.0
1378,7632.0,5256.0,6072.0
1379,7432.0,5248.0,6056.0
1380,7592.0,5296.0,6112.0
1381,7620.0,5268.0,6084.0
1382,7576.0,5336.0,6144.0
1383,7544.0,5288.0,6072.0
1384,7496.0,5212.0,6020.0
1385,7684.0,5372.0,6152.0
1386,7472.0,5208.0,6008.0
1387,7712.0,5424.0,6200.0
1388,7692.0,5380.0,6156.0
1389,7580.0,5332.0,6128.0
1390,7700.0,5336.0,6108.0
1391,7480.0,5188.0,6000.0
1392,7568.0,5256.0,6120.0
1393,7448.0,5172.0,6000.0
1394,7760.0,5468.0,6272.0
1395,7468.0,5144.0,5996.0
1396,7640.0,5316.0,6172.0
1397,7612.0,5272.0,6104.0
1398,7640.0,5328.0,6148.0
1399,7752.0,5384.0,6176.0
1400,7520.0,5280.0,6072.0
1401,7896.0,5496.0,6296.0
1402,7664.0,5464.0,6248.0
1403,7616.0,5412.0,6192.0
1404,7820.0,5516.0,6248.0
1405,7624.0,5396.0,6184.0
1406,7748.0,5428.0,6200.0
1407,7784.0,5500.0,6244.0
1408,7608.0,5384.0,6140.0
1409,7740.0,5452.0,6208.0
1410,7520.0,5260.0,6076.0
1411,7868.0,5504.0,6272.0
1412,7496.0,5204.0,6032.0
1413,7816.0,5432.0,6264.0
1414,7684.0,5404.0,6200.0
1415,7512.0,5208.0,6044.0
1416,7744.0,5432.0,6220.0
1417,7616.0,5320.0,6140.0
1418,7704.0,5392.0,6184.0
1419,7616.0,5368.0,6184.0
1420,7668.0,5312.0,6164.0
1421,7576.0,5256.0,6112.0
1422,7824.0,5432.0,6256.0
1423,7592.0,5288.0,6136.0
1424,7656.0,5260.0,6124.0
1425,7504.0,5224.0,6120.0
1426,7568.0,5336.0,6168.0
1427,7820.0,5460.0,6280.0
1428,7636.0,5312.0,6136.0
1429,7592.0,5356.0,6188.0
1430,7716.0,5308.0,6140.0
1431,7656.0,5360.0,6192.0
1432,7528.0,5216.0,6068.0
1433,7576.0,5304.0,6128.0
1434,7656.0,5380.0,6192.0
1435,7600.0,5276.0,6072.0
1436,7580.0,5244.0,6072.0
1437,7768.0,5376.0,6164.0
1438,7504.0,5200.0,5996.0
1439,7776.0,5432.0,6280.0
1440,7596.0,5220.0,6112.0
1441,7576.0,5244.0,6108.0
1442,7600.0,5208.0,6064.0
1443,7520.0,5136.0,6008.0
1444,7748.0,5320.0,6120.0
1445,7588.0,5244.0,6052.0
1446,7700.0,5252.0,6100.0
1447,7484.0,5084.0,5932.0
1448,7624.0,5308.0,6136.0
1449,7412.0,5036.0,5892.0
1450,7680.0,5360.0,6160.0
1451,7636.0,5192.0,6024.0
1452,7564.0,5240.0,6064.0
1453,7672.0,5260.0,6060.0
1454,7572.0,5208.0,6048.0
1455,7640.0,5224.0,5992.0
1456,7576.0,5160.0,5944.0
1457,7576.0,5152.0,6064.0
1458,7556.0,5116.0,6008.0
1459,7544.0,5168.0,6044.0
1460,7672.0,5180.0,6092.0
1461,7580.0,5156.0,6064.0
1462,7644.0,5284.0,6136.0
1463,7860.0,5396.0,6212.0
1464,7648.0,5208.0,6072.0
1465,7920.0,5456.0,6272.0
1466,7632.0,5256.0,6112.0
1467,7700.0,5244.0,6116.0
1468,7812.0,5372.0,6196.0
1469,7696.0,5296.0,6160.0
1470,7768.0,5356.0,6200.0
1471,7676.0,5308.0,6208.0
1472,7888.0,5388.0,6244.0
1473,7584.0,5136.0,6028.0
1474,7760.0,5344.0,6200.0
1475,7692.0,5272.0,6120.0
1476,7688.0,5296.0,6120.0
1477,8000.0,5496.0,6296.0
1478,7768.0,5324.0,6132.0
1479,7784.0,5432.0,6236.0
1480,7736.0,5224.0,6032.0
1481,7920.0,5448.0,6224.0
1482,7864.0,5364.0,6176.0
1483,7804.0,5420.0,6212.0
1484,7764.0,5324.0,6140.0
1485,7856.0,5420.0,6232.0
1486,7808.0,5328.0,6200.0
1487,7708.0,5100.0,6132.0
1488,7808.0,5344.0,6360.0
1489,7720.0,5204.0,6232.0
1490,7844.0,5312.0,6296.0
1491,7856.0,5276.0,6276.0
1492,7652.0,5124.0,6132.0
1493,7836.0,5288.0,6144.0
1494,7744.0,5248.0,6096.0
1495,7784.0,5308.0,6136.0
1496,7872.0,5300.0,6124.0
1497,7664.0,5232.0,6080.0
1498,7872.0,5328.0,6184.0
1499,7640.0,5156.0,6008.0
1500,7816.0,5360.0,6192.0
1501,7888.0,5316.0,6156.0
1502,7760.0,5272.0,6112.0
1503,7744.0,5312.0,6136.0
1504,7948.0,5376.0,6188.0
1505,7724.0,5232.0,6076.0
1506,8048.0,5476.0,6288.0
1507,7856.0,5232.0,6104.0
1508,7976.0,5416.0,6312.0
1509,7984.0,5520.0,6368.0
1510,7964.0,5456.0,6304.0
1511,8152.0,5600.0,6388.0
1512,7824.0,5352.0,6132.0
1513,8180.0,5636.0,6356.0
1514,7948.0,5492.0,6236.0
1515,7904.0,5500.0,6252.0
1516,7908.0,5460.0,6216.0
1517,7800.0,5368.0,6184.0
1518,8100.0,5500.0,6364.0
1519,7832.0,5312.0,6220.0
1520,8128.0,5568.0,6404.0
1521,7800.0,5260.0,6168.0
1522,8108.0,5532.0,6368.0
1523,7880.0,5340.0,6236.0
1524,8040.0,5436.0,6276.0
1525,7828.0,5296.0,6172.0
1526,8048.0,5504.0,6312.0
1527,7952.0,5428.0,6244.0
1528,8116.0,5516.0,6308.0
1529,8000.0,5520.0,6304.0
1530,8032.0,5464.0,6252.0
1531,7996.0,5516.0,6308.0
1532,8028.0,5476.0,6272.0
1533,8040.0,5464.0,6232.0
1534,7824.0,5216.0,6040.0
1535,7972.0,5364.0,6196.0
1536,7864.0,5276.0,6096.0
1537,8088.0,5456.0,6236.0
1538,8024.0,5536.0,6280.0
1539,8136.0,5560.0,6304.0
1540,7896.0,5392.0,6168.0
1541,8028.0,5516.0,6292.0
1542,8008.0,5484.0,6268.0
1543,8004.0,5468.0,6240.0
1544,8032.0,5504.0,6288.0
1545,8068.0,5536.0,6284.0
1546,8208.0,5596.0,6328.0
1547,8084.0,5532.0,6256.0
1548,8076.0,5528.0,6264.0
1549,7992.0,5440.0,6192.0
1550,8152.0,5576.0,6328.0
1551,7944.0,5392.0,6144.0
1552,8184.0,5600.0,6328.0
1553,7984.0,5336.0,6096.0
1554,8184.0,5572.0,6316.0
1555,7968.0,5440.0,6200.0
1556,8032.0,5560.0,6292.0
1557,8028.0,5388.0,6152.0
1558,7968.0,5524.0,6268.0
1559,7980.0,5404.0,6152.0
1560,8120.0,5620.0,6336.0
1561,8032.0,5512.0,6216.0
1562,8020.0,5472.0,6204.0
1563,8160.0,5556.0,6276.0
1564,8040.0,5456.0,6204.0
1565,8076.0,5496.0,6220.0
1566,8032.0,5424.0,6192.0
1567,8100.0,5508.0,6248.0
1568,8028.0,5424.0,6180.0
1569,8068.0,5488.0,6248.0
1570,8024.0,5468.0,6260.0
1571,8064.0,5532.0,6404.0
1572,7888.0,5456.0,6328.0
1573,7840.0,5332.0,6212.0
1574,8112.0,5516.0,6364.0
1575,7832.0,5284.0,6036.0
1576,8100.0,5500.0,6208.0
1577,8020.0,5484.0,6192.0
1578,8056.0,5500.0,6204.0
1579,8116.0,5532.0,6216.0
1580,8108.0,5556.0,6212.0
1581,8024.0,5544.0,6200.0
1582,8004.0,5452.0,6128.0
1583,8180.0,5528.0,6400.0
1584,8012.0,5408.0,6320.0
1585,8076.0,5428.0,6320.0
1586,7864.0,5288.0,6204.0
1587,8216.0,5544.0,6400.0
1588,7776.0,5200.0,6024.0
1589,8056.0,5440.0,6252.0
1590,7880.0,5308.0,6148.0
1591,8000.0,5400.0,6248.0
1592,8116.0,5416.0,6240.0
1593,8036.0,5440.0,6228.0
1594,8180.0,5484.0,6196.0
1595,8076.0,5500.0,6248.0
1596,8068.0,5448.0,6172.0
1597,8040.0,5464.0,6188.0
1598,8168.0,5508.0,6232.0
1599,7996.0,5416.0,6180.0
1600,8160.0,5528.0,6452.0
1601,8036.0,5412.0,6168.0
1602,8172.0,5596.0,6408.0
1603,8248.0,5628.0,6348.0
1604,8172.0,5560.0,6332.0
1605,7968.0,5424.0,6216.0
1606,7892.0,5300.0,6112.0
1607,8016.0,5480.0,6304.0
1608,8096.0,5560.0,6296.0
1609,7932.0,5488.0,6232.0
1610,7980.0,5488.0,6224.0
1611,7928.0,5452.0,6208.0
1612,8096.0,5592.0,6312.0
1613,8104.0,5552.0,6304.0
1614,7784.0,5264.0,6128.0
1615,7956.0,5464.0,6232.0
1616,8148.0,5676.0,6400.0
1617,8268.0,5752.0,6412.0
1618,8168.0,5664.0,6340.0
1619,8216.0,5756.0,6428.0
1620,8028.0,5656.0,6316.0
1621,8040.0,5628.0,6268.0
1622,8080.0,5636.0,6276.0
1623,8120.0,5676.0,6280.0
1624,8088.0,5680.0,6288.0
1625,7976.0,5656.0,6248.0
1626,8016.0,5648.0,6264.0
1627,8188.0,5680.0,6284.0
1628,7988.0,5496.0,6156.0
1629,8248.0,5740.0,6356.0
1630,7992.0,5604.0,6240.0
1631,8096.0,5716.0,6312.0
1632,8056.0,5604.0,6208.0
1633,7920.0,5540.0,6204.0
1634,8080.0,5584.0,6240.0
1635,7744.0,5480.0,6200.0
1636,8184.0,5664.0,6336.0
1637,7944.0,5576.0,6236.0
1638,7848.0,5424.0,6104.0
1639,8048.0,5648.0,6344.0
1640,8032.0,5556.0,6576.0
1641,8124.0,5560.0,6604.0
1642,8036.0,5636.0,6640.0
1643,8076.0,5616.0,6580.0
1644,8080.0,5620.0,6412.0
1645,8040.0,5524.0,6268.0
1646,7780.0,5308.0,6072.0
1647,8088.0,5600.0,6328.0
1648,7980.0,5456.0,6184.0
1649,8060.0,5620.0,6292.0
1650,8212.0,5668.0,6340.0
1651,8108.0,5608.0,6280.0
1652,8100.0,5568.0,6256.0
1653,7960.0,5480.0,6184.0
1654,8136.0,5616.0,6292.0
1655,8096.0,5568.0,6240.0
1656,8116.0,5608.0,6276.0
1657,8216.0,5648.0,6324.0
1658,8092.0,5576.0,6252.0
1659,8168.0,5612.0,6296.0
1660,8084.0,5492.0,6192.0
1661,8120.0,5604.0,6312.0
1662,8100.0,5568.0,6272.0
1663,8132.0,5692.0,6376.0
1664,8084.0,5516.0,6360.0
1665,7992.0,5552.0,6464.0
1666,8176.0,5680.0,6552.0
1667,8080.0,5584.0,6384.0
1668,8168.0,5680.0,6364.0
1669,7920.0,5452.0,6164.0
1670,8168.0,5724.0,6388.0
1671,8124.0,5604.0,6276.0
1672,7996.0,5508.0,6228.0
1673,8136.0,5604.0,6292.0
1674,7972.0,5500.0,6204.0
1675,8192.0,5680.0,6368.0
1676,8128.0,5640.0,6304.0
1677,8024.0,5528.0,6224.0
1678,8224.0,5608.0,6272.0
1679,8056.0,5548.0,6256.0
1680,8236.0,5632.0,6296.0
1681,8176.0,5564.0,6260.0
1682,8212.0,5612.0,6296.0
1683,8244.0,5628.0,6316.0
1684,8208.0,5616.0,6284.0
1685,8192.0,5600.0,6292.0
1686,8300.0,5672.0,6260.0
1687,8072.0,5536.0,6192.0
1688,8272.0,5660.0,6256.0
1689,7972.0,5404.0,6056.0
1690,8180.0,5564.0,6168.0
1691,8000.0,5384.0,6064.0
1692,8216.0,5596.0,6236.0
1693,8116.0,5536.0,6180.0
1694,8220.0,5588.0,6216.0
1695,7928.0,5384.0,6056.0
1696,8288.0,5604.0,6244.0
1697,7936.0,5324.0,6004.0
1698,8168.0,5560.0,6224.0
1699,8364.0,5720.0,6320.0
1700,8192.0,5584.0,6212.0
1701,8212.0,5688.0,6312.0
1702,8128.0,5540.0,6184.0
1703,8288.0,5688.0,6348.0
1704,8348.0,5676.0,6312.0
1705,8064.0,5424.0,6136.0
1706,8240.0,5504.0,6192.0
1707,8232.0,5624.0,6272.0
1708,8116.0,5488.0,6188.0
1709,8272.0,5664.0,6312.0
1710,8060.0,5504.0,6212.0
1711,8172.0,5496.0,6204.0
1712,8040.0,5360.0,6096.0
1713,8296.0,5688.0,6368.0
1714,8244.0,5684.0,6348.0
1715,8160.0,5608.0,6316.0
1716,8360.0,5732.0,6396.0
1717,8292.0,5664.0,6324.0
1718,8316.0,5732.0,6380.0
1719,8204.0,5472.0,6176.0
1720,8096.0,5592.0,6256.0
1721,8264.0,5668.0,6344.0
1722,8200.0,5520.0,6212.0
1723,8352.0,5744.0,6396.0
1724,8172.0,5432.0,6140.0
1725,8172.0,5548.0,6260.0
1726,8092.0,5360.0,6092.0
1727,8232.0,5616.0,6320.0
1728,8308.0,5612.0,6296.0
1729,8240.0,5588.0,6272.0
1730,8296.0,5648.0,6352.0
1731,8112.0,5480.0,6204.0
1732,8396.0,5768.0,6436.0
1733,8196.0,5480.0,6204.0
1734,8224.0,5616.0,6304.0
1735,8336.0,5624.0,6316.0
1736,8020.0,5396.0,6120.0
1737,8400.0,5688.0,6384.0
1738,8320.0,5624.0,6304.0
1739,8092.0,5432.0,6176.0
1740,8228.0,5476.0,6204.0
1741,8112.0,5440.0,6184.0
1742,8276.0,5568.0,6304.0
1743,8408.0,5664.0,6360.0
1744,8280.0,5648.0,6376.0
1745,8304.0,5568.0,6264.0
1746,8088.0,5304.0,6096.0
1747,8268.0,5508.0,6244.0
1748,8324.0,5684.0,6380.0
1749,8316.0,5576.0,6292.0
1750,8316.0,5608.0,6296.0
1751,8040.0,5304.0,6072.0
1752,8208.0,5532.0,6252.0
1753,8240.0,5652.0,6352.0
1754,8156.0,5444.0,6204.0
1755,8288.0,5540.0,6268.0
1756,8188.0,5492.0,6232.0
1757,8244.0,5632.0,6344.0
1758,8216.0,5544.0,6260.0
1759,8300.0,5592.0,6320.0
1760,8344.0,5556.0,6284.0
1761,8280.0,5552.0,6272.0
1762,8360.0,5672.0,6376.0
1763,8296.0,5540.0,6260.0
1764,8236.0,5540.0,6288.0
1765,8128.0,5256.0,6040.0
1766,8264.0,5504.0,6264.0
1767,8124.0,5300.0,6084.0
1768,8276.0,5524.0,6272.0
1769,8264.0,5440.0,6216.0
1770,8380.0,5588.0,6324.0
1771,8424.0,5596.0,6324.0
1772,8160.0,5256.0,6056.0
1773,8332.0,5584.0,6320.0
1774,8152.0,5240.0,6048.0
1775,8248.0,5616.0,6384.0
1776,8312.0,5480.0,6244.0
1777,8336.0,5540.0,6292.0
1778,8352.0,5492.0,6260.0
1779,8308.0,5512.0,6272.0
1780,8392.0,5520.0,6276.0
1781,8160.0,5356.0,6160.0
1782,8420.0,5508.0,6292.0
1783,8076.0,5320.0,6140.0
1784,8224.0,5456.0,6216.0
1785,8216.0,5452.0,6236.0
1786,8356.0,5492.0,6248.0
1787,8328.0,5508.0,6280.0
1788,8296.0,5436.0,6224.0
1789,8372.0,5592.0,6364.0
1790,8300.0,5388.0,6180.0
1791,8588.0,5796.0,6524.0
1792,8264.0,5528.0,6296.0
1793,8464.0,5708.0,6452.0
1794,8304.0,5496.0,6248.0
1795,8220.0,5360.0,6172.0
1796,8528.0,5680.0,6432.0
1797,8544.0,5592.0,6328.0
1798,8372.0,5588.0,6344.0
1799,8456.0,5688.0,6420.0
1800,8436.0,5624.0,6352.0
1801,8552.0,5656.0,6380.0
1802,8260.0,5456.0,6240.0
1803,8500.0,5720.0,6456.0
1804,8432.0,5600.0,6352.0
1805,8336.0,5528.0,6296.0
1806,8460.0,5528.0,6300.0
1807,8280.0,5328.0,6136.0
1808,8208.0,5304.0,6152.0
1809,8056.0,5280.0,6120.0
1810,8384.0,5668.0,6444.0
1811,8540.0,5672.0,6468.0
1812,8328.0,5624.0,6424.0
1813,8312.0,5400.0,6212.0
1814,8320.0,5472.0,6280.0
1815,8360.0,5480.0,6304.0
1816,8568.0,5624.0,6384.0
1817,8156.0,5260.0,6104.0
1818,8252.0,5392.0,6204.0
1819,8288.0,5432.0,6240.0
1820,8288.0,5424.0,6232.0
1821,8408.0,5616.0,6388.0
1822,8548.0,5636.0,6368.0
1823,8280.0,5432.0,6228.0
1824,8384.0,5484.0,6252.0
1825,8464.0,5588.0,6332.0
1826,8336.0,5432.0,6184.0
1827,8480.0,5544.0,6280.0
1828,8296.0,5448.0,6232.0
1829,8400.0,5600.0,6340.0
1830,8572.0,5660.0,6384.0
1831,8272.0,5444.0,6212.0
1832,8216.0,5376.0,6160.0
1833,8304.0,5440.0,6212.0
1834,8348.0,5516.0,6276.0
1835,8400.0,5592.0,6340.0
1836,8308.0,5424.0,6208.0
1837,8440.0,5672.0,6400.0
1838,8232.0,5404.0,6196.0
1839,8364.0,5408.0,6212.0
1840,8424.0,5580.0,6356.0
1841,8504.0,5580.0,6352.0
1842,8408.0,5632.0,6376.0
1843,8312.0,5464.0,6232.0
1844,8632.0,5664.0,6408.0
1845,8392.0,5576.0,6336.0
1846,8432.0,5552.0,6296.0
1847,8108.0,5304.0,6116.0
1848,8608.0,5824.0,6544.0
1849,8504.0,5584.0,6316.0
1850,8224.0,5396.0,6196.0
1851,8516.0,5600.0,6356.0
1852,8484.0,5612.0,6376.0
1853,8268.0,5384.0,6188.0
1854,8492.0,5592.0,6348.0
1855,8336.0,5436.0,6216.0
1856,8440.0,5496.0,6264.0
1857,8640.0,5796.0,6532.0
1858,8376.0,5560.0,6344.0
1859,8320.0,5416.0,6232.0
1860,8236.0,5360.0,6200.0
1861,8632.0,5760.0,6544.0
1862,8656.0,5664.0,6440.0
1863,8376.0,5508.0,6332.0
1864,8484.0,5508.0,6340.0
1865,8492.0,5584.0,6392.0
1866,8452.0,5504.0,6336.0
1867,8492.0,5540.0,6352.0
1868,8488.0,5536.0,6320.0
1869,8404.0,5412.0,6252.0
1870,8428.0,5580.0,6384.0
1871,8464.0,5516.0,6308.0
1872,8488.0,5580.0,6372.0
1873,8800.0,5760.0,6488.0
1874,8320.0,5328.0,6176.0
1875,8552.0,5608.0,6392.0
1876,8408.0,5696.0,6472.0
1877,8484.0,5604.0,6388.0
1878,8456.0,5552.0,6312.0
1879,8180.0,5476.0,6236.0
1880,8276.0,5580.0,6312.0
1881,8344.0,5564.0,6296.0
1882,8140.0,5488.0,6256.0
1883,8216.0,5520.0,6288.0
1884,8296.0,5696.0,6408.0
1885,8172.0,5552.0,6296.0
1886,8344.0,5636.0,6376.0
1887,8236.0,5584.0,6328.0
1888,8316.0,5668.0,6408.0
1889,8332.0,5520.0,6288.0
1890,8168.0,5440.0,6216.0
1891,8396.0,5672.0,6404.0
1892,8232.0,5492.0,6240.0
1893,8256.0,5620.0,6364.0
1894,8260.0,5560.0,6296.0
1895,8340.0,5580.0,6320.0
1896,8316.0,5500.0,6240.0
1897,8416.0,5656.0,6348.0
1898,8320.0,5580.0,6304.0
1899,8264.0,5544.0,6264.0
1900,8488.0,5776.0,6448.0
1901,8320.0,5616.0,6304.0
1902,8464.0,5696.0,6360.0
1903,8268.0,5636.0,6336.0
1904,8384.0,5688.0,6368.0
1905,8472.0,5808.0,6432.0
1906,8556.0,5764.0,6432.0
1907,8372.0,5664.0,6372.0
1908,8372.0,5656.0,6324.0
1909,8440.0,5744.0,6392.0
1910,8268.0,5640.0,6340.0
1911,8656.0,5904.0,6528.0
1912,8400.0,5760.0,6400.0
1913,8344.0,5640.0,6312.0
1914,8080.0,5488.0,6192.0
1915,8320.0,5728.0,6400.0
1916,8352.0,5636.0,6316.0
1917,8256.0,5564.0,6244.0
1918,8256.0,5624.0,6316.0
1919,8424.0,5668.0,6332.0
1920,8340.0,5708.0,6364.0
1921,8240.0,5464.0,6160.0
1922,8088.0,5292.0,6040.0
1923,8504.0,5752.0,6432.0
1924,8312.0,5608.0,6288.0
1925,8524.0,5792.0,6448.0
1926,8300.0,5584.0,6268.0
1927,8476.0,5760.0,6424.0
1928,8312.0,5632.0,6292.0
1929,8416.0,5592.0,6256.0
1930,8256.0,5552.0,6256.0
1931,8460.0,5620.0,6320.0
1932,8608.0,5736.0,6392.0
1933,8548.0,5564.0,6228.0
1934,8496.0,5652.0,6328.0
1935,8464.0,5472.0,6160.0
1936,8536.0,5536.0,6216.0
1937,8584.0,5560.0,6216.0
1938,8232.0,5312.0,6176.0
1939,8448.0,5520.0,6552.0
1940,8284.0,5384.0,6408.0
1941,8532.0,5712.0,6676.0
1942,8544.0,5576.0,6536.0
1943,8268.0,5412.0,6420.0
1944,8532.0,5648.0,6592.0
1945,8636.0,5644.0,6560.0
1946,8536.0,5632.0,6572.0
1947,8600.0,5632.0,6536.0
1948,8504.0,5604.0,6540.0
1949,8592.0,5584.0,6488.0
1950,8304.0,5384.0,6376.0
1951,8628.0,5572.0,6504.0
1952,8120.0,5392.0,6368.0
1953,8376.0,5652.0,6568.0
1954,8032.0,5284.0,6240.0
1955,8444.0,5684.0,6568.0
1956,8528.0,5680.0,6540.0
1957,8352.0,5640.0,6540.0
1958,8432.0,5552.0,6444.0
1959,8392.0,5572.0,6464.0
1960,8576.0,5840.0,6680.0
1961,8488.0,5592.0,6480.0
1962,8388.0,5600.0,6452.0
1963,8440.0,5648.0,6480.0
1964,8504.0,5672.0,6528.0
1965,8556.0,5680.0,6520.0
1966,8296.0,5476.0,6360.0
1967,8376.0,5524.0,6396.0
1968,8136.0,5380.0,6304.0
1969,8316.0,5484.0,6372.0
1970,8296.0,5528.0,6416.0
1971,8488.0,5684.0,6536.0
1972,8296.0,5536.0,6416.0
1973,8640.0,5752.0,6584.0
1974,8376.0,5568.0,6424.0
1975,8492.0,5684.0,6516.0
1976,8712.0,5704.0,6536.0
1977,8584.0,5688.0,6512.0
1978,8712.0,5732.0,6528.0
1979,8544.0,5600.0,6432.0
1980,8608.0,5760.0,6560.0
1981,8492.0,5648.0,6492.0
1982,8556.0,5648.0,6464.0
1983,8292.0,5492.0,6360.0
1984,8420.0,5536.0,6388.0
1985,8080.0,5424.0,6296.0
1986,8632.0,5784.0,6624.0
1987,8224.0,5552.0,6384.0
1988,8572.0,5780.0,6608.0
1989,8540.0,5708.0,6512.0
1990,8520.0,5700.0,6516.0
1991,8500.0,5676.0,6488.0
1992,8500.0,5704.0,6520.0
1993,8580.0,5748.0,6536.0
1994,8448.0,5808.0,6612.0
1995,8368.0,5672.0,6488.0
1996,8432.0,5684.0,6508.0
1997,8340.0,5628.0,6468.0
1998,8168.0,5476.0,6336.0
1999,8436.0,5736.0,6556.0
2000,8556.0,5692.0,6504.0
2001,8128.0,5424.0,6312.0
2002,8360.0,5512.0,6448.0
2003,8380.0,5616.0,6480.0
2004,8308.0,5476.0,6392.0
2005,8356.0,5656.0,6532.0
2006,8480.0,5496.0,6392.0
2007,8320.0,5696.0,6504.0
2008,8520.0,5768.0,6576.0
2009,8336.0,5400.0,6328.0
2010,8412.0,5608.0,6516.0
2011,8480.0,5668.0,6544.0
2012,8388.0,5644.0,6488.0
2013,8316.0,5624.0,6476.0
2014,8636.0,5736.0,6544.0
2015,8264.0,5640.0,6508.0
2016,8316.0,5496.0,6360.0
2017,8368.0,5672.0,6520.0
2018,8392.0,5672.0,6488.0
2019,8524.0,5628.0,6472.0
2020,8284.0,5488.0,6352.0
2021,8488.0,5536.0,6388.0
2022,8348.0,5560.0,6424.0
2023,8704.0,5764.0,6596.0
2024,8700.0,5896.0,6692.0
2025,8388.0,5644.0,6484.0
2026,8456.0,5544.0,6412.0
2027,8360.0,5460.0,6352.0
2028,8552.0,5552.0,6424.0
2029,8620.0,5760.0,6588.0
2030,8184.0,5408.0,6328.0
2031,8640.0,5856.0,6712.0
2032,8416.0,5576.0,6456.0
2033,8344.0,5552.0,6412.0
2034,8444.0,5492.0,6320.0
2035,8284.0,5488.0,6328.0
2036,8408.0,5560.0,6372.0
2037,8468.0,5668.0,6444.0
2038,8476.0,5604.0,6400.0
2039,8472.0,5552.0,6360.0
2040,8416.0,5740.0,6468.0
2041,8688.0,5912.0,6592.0
2042,8300.0,5576.0,6308.0
2043,8436.0,5836.0,6524.0
2044,8332.0,5608.0,6304.0
2045,8156.0,5484.0,6220.0
2046,8440.0,5740.0,6384.0
2047,8480.0,5884.0,6496.0
2048,8320.0,5816.0,6408.0
2049,8276.0,5696.0,6260.0
2050,8472.0,5976.0,6460.0
2051,8428.0,5956.0,6388.0
2052,8644.0,6176.0,6456.0
2053,8420.0,6160.0,6292.0
2054,8900.0,6260.0,6724.0
2055,8504.0,5932.0,6412.0
2056,8396.0,5908.0,6436.0
2057,8620.0,5924.0,6440.0
2058,8640.0,6024.0,6504.0
2059,8536.0,5952.0,6440.0
2060,8440.0,5688.0,6216.0
2061,8528.0,5948.0,6452.0
2062,8256.0,5768.0,6328.0
2063,8520.0,5908.0,6424.0
2064,8724.0,5968.0,6452.0
2065,8200.0,5660.0,6208.0
2066,8576.0,5856.0,6400.0
2067,8416.0,5824.0,6336.0
2068,8508.0,5868.0,6380.0
2069,8392.0,5752.0,6336.0
2070,8388.0,5712.0,6272.0
2071,8484.0,5796.0,6344.0
2072,8544.0,5816.0,6328.0
2073,8400.0,5800.0,6336.0
2074,8484.0,5532.0,6252.0
2075,8420.0,5704.0,6324.0
2076,8372.0,5632.0,6244.0
2077,8516.0,5856.0,6376.0
2078,8324.0,5748.0,6320.0
2079,8556.0,5772.0,6336.0
2080,8420.0,5664.0,6208.0
2081,8544.0,5704.0,6248.0
2082,8588.0,5952.0,6428.0
2083,8312.0,5632.0,6192.0
2084,8632.0,5924.0,6404.0
2085,8296.0,5688.0,6192.0
2086,8452.0,6032.0,6516.0
2087,8276.0,5816.0,6324.0
2088,8188.0,5812.0,6388.0
2089,8252.0,5720.0,6304.0
2090,8232.0,5800.0,6368.0
2091,8272.0,5856.0,6440.0
2092,8252.0,5808.0,6364.0
2093,8328.0,5616.0,6392.0
2094,8600.0,5772.0,6476.0
2095,8480.0,5596.0,6396.0
2096,8508.0,5508.0,6368.0
2097,8472.0,5576.0,6440.0
2098,8320.0,5512.0,6240.0
2099,8496.0,5612.0,6408.0
2100,8360.0,5608.0,6408.0
2101,8248.0,5436.0,6244.0
2102,8112.0,5480.0,6280.0
2103,8336.0,5568.0,6312.0
2104,8216.0,5544.0,6280.0
2105,8152.0,5604.0,6372.0
2106,8388.0,5592.0,6344.0
2107,8404.0,5736.0,6456.0
2108,8232.0,5476.0,6280.0
2109,8496.0,5740.0,6460.0
2110,8332.0,5604.0,6336.0
2111,8200.0,5596.0,6404.0
2112,8224.0,5504.0,6256.0
2113,8316.0,5588.0,6316.0
2114,8196.0,5644.0,6396.0
2115,8368.0,5564.0,6300.0
2116,8056.0,5400.0,6204.0
2117,8420.0,5584.0,6352.0
2118,8360.0,5708.0,6452.0
2119,8320.0,5544.0,6316.0
2120,8124.0,5488.0,6296.0
2121,8048.0,5272.0,6088.0
2122,8512.0,5780.0,6508.0
2123,8256.0,5428.0,6244.0
2124,8448.0,5456.0,6248.0
2125,8548.0,5680.0,6432.0
2126,8292.0,5428.0,6236.0
2127,8604.0,5660.0,6428.0
2128,8248.0,5584.0,6344.0
2129,8216.0,5648.0,6448.0
2130,7984.0,5276.0,6108.0
2131,8228.0,5528.0,6332.0
2132,8356.0,5528.0,6316.0
2133,8384.0,5784.0,6264.0
2134,8160.0,5696.0,6252.0
2135,8280.0,5740.0,6184.0
2136,8248.0,5584.0,6232.0
2137,8272.0,5568.0,6228.0
2138,8336.0,5712.0,6284.0
2139,8352.0,5584.0,6188.0
2140,8496.0,5764.0,6368.0
2141,8424.0,5656.0,6292.0
2142,8200.0,5516.0,6144.0
2143,8520.0,5792.0,6408.0
2144,8184.0,5624.0,6208.0
2145,8256.0,5776.0,6408.0
2146,8220.0,5596.0,6196.0
2147,8344.0,5960.0,6552.0
2148,8144.0,5600.0,6208.0
2149,8192.0,5688.0,6280.0
2150,8484.0,5732.0,6296.0
2151,8500.0,5972.0,6520.0
2152,8384.0,5648.0,6224.0
2153,8392.0,5768.0,6336.0
2154,8320.0,5880.0,6448.0
2155,8696.0,5800.0,6328.0
2156,8456.0,5704.0,6320.0
2157,8536.0,5784.0,6352.0
2158,8464.0,5868.0,6432.0
2159,8584.0,5784.0,6304.0
2160,8608.0,5792.0,6392.0
2161,8244.0,5644.0,6208.0
2162,8320.0,5652.0,6236.0
2163,8428.0,5784.0,6324.0
2164,8388.0,5980.0,6340.0
2165,8480.0,5776.0,6344.0
2166,8420.0,5896.0,6476.0
2167,8328.0,5524.0,6156.0
2168,8532.0,5772.0,6416.0
2169,8392.0,5548.0,6184.0
2170,8648.0,5808.0,6380.0
2171,8400.0,5616.0,6240.0
2172,8484.0,5748.0,6348.0
2173,8392.0,5624.0,6256.0
2174,8280.0,5444.0,6124.0
2175,8284.0,5548.0,6188.0
2176,8320.0,5672.0,6328.0
2177,8512.0,5644.0,6260.0
2178,8560.0,5708.0,6332.0
2179,8328.0,5676.0,6292.0
2180,8420.0,5660.0,6276.0
2181,8412.0,5472.0,6136.0
2182,8320.0,5548.0,6208.0
2183,8556.0,5580.0,6200.0
2184,8380.0,5684.0,6336.0
2185,8396.0,5504.0,6152.0
2186,8432.0,5520.0,6192.0
2187,8176.0,5552.0,6176.0
2188,8328.0,5448.0,6168.0
2189,8340.0,5500.0,6240.0
2190,8392.0,5524.0,6204.0
2191,8428.0,5668.0,6316.0
2192,8160.0,5388.0,6084.0
2193,8384.0,5452.0,6208.0
2194,8200.0,5288.0,6092.0
2195,8488.0,5556.0,6244.0
2196,8616.0,5652.0,6320.0
2197,8520.0,5612.0,6276.0
2198,8504.0,5584.0,6248.0
2199,8788.0,5744.0,6412.0
2200,8504.0,5512.0,6244.0
2201,8804.0,5780.0,6416.0
2202,8520.0,5796.0,6264.0
2203,8608.0,5684.0,6340.0
2204,8652.0,5632.0,6348.0
2205,8340.0,5456.0,6220.0
2206,8492.0,5436.0,6184.0
2207,8352.0,5368.0,6200.0
2208,8720.0,5536.0,6280.0
2209,8584.0,5560.0,6352.0
2210,8412.0,5480.0,6228.0
2211,8560.0,5592.0,6364.0
2212,8560.0,5400.0,6152.0
2213,8896.0,5712.0,6408.0
2214,8516.0,5396.0,6180.0
2215,8788.0,5736.0,6448.0
2216,8592.0,5656.0,6388.0
2217,8960.0,5856.0,6508.0
2218,8548.0,5528.0,6244.0
2219,8416.0,5400.0,6168.0
2220,8512.0,5560.0,6308.0
2221,8400.0,5432.0,6184.0
2222,8612.0,5536.0,6300.0
2223,8532.0,5584.0,6320.0
2224,8660.0,5528.0,6272.0
2225,8648.0,5684.0,6420.0
2226,8704.0,5556.0,6268.0
2227,8672.0,5900.0,6492.0
2228,8476.0,5448.0,6208.0
2229,8920.0,5736.0,6408.0
2230,8668.0,5668.0,6376.0
2231,8368.0,5440.0,6188.0
2232,8752.0,5648.0,6344.0
2233,8576.0,5664.0,6344.0
2234,8944.0,5760.0,6424.0
2235,8776.0,5724.0,6444.0
2236,8584.0,5464.0,6208.0
2237,8472.0,5600.0,6348.0
2238,8788.0,5600.0,6312.0
2239,8828.0,5768.0,6472.0
2240,8520.0,5400.0,6152.0
2241,8592.0,5464.0,6232.0
2242,8528.0,5624.0,6384.0
2243,8840.0,5624.0,6320.0
2244,8584.0,5568.0,6312.0
2245,8344.0,5348.0,6132.0
2246,8624.0,5492.0,6268.0
2247,8696.0,5680.0,6412.0
2248,8680.0,5432.0,6188.0
2249,8532.0,5632.0,6384.0
2250,8680.0,5488.0,6216.0
2251,8440.0,5364.0,6140.0
2252,8572.0,5648.0,6388.0
2253,8320.0,5308.0,6104.0
2254,8640.0,5460.0,6220.0
2255,8632.0,5576.0,6312.0
2256,8640.0,5408.0,6204.0
2257,8764.0,5732.0,6464.0
2258,8536.0,5480.0,6240.0
2259,8748.0,5808.0,6520.0
2260,8640.0,5604.0,6372.0
2261,8800.0,5808.0,6504.0
2262,8688.0,5816.0,6568.0
2263,8128.0,5440.0,6248.0
2264,8576.0,5600.0,6368.0
2265,8264.0,5424.0,6208.0
2266,8652.0,5560.0,6320.0
2267,8896.0,5584.0,6328.0
2268,8760.0,5604.0,6344.0
2269,8504.0,5460.0,6272.0
2270,8580.0,5636.0,6372.0
2271,8768.0,5684.0,6424.0
2272,8676.0,5580.0,6340.0
2273,8864.0,5552.0,6304.0
2274,8548.0,5424.0,6224.0
2275,8400.0,5380.0,6192.0
2276,8644.0,5508.0,6280.0
2277,8584.0,5420.0,6264.0
2278,8504.0,5392.0,6200.0
2279,8848.0,5536.0,6312.0
2280,8980.0,5728.0,6468.0
2281,8672.0,5408.0,6200.0
2282,8544.0,5304.0,6144.0
2283,8656.0,5496.0,6280.0
2284,8468.0,5440.0,6248.0
2285,8944.0,5616.0,6408.0
2286,8504.0,5304.0,6152.0
2287,8688.0,5504.0,6280.0
2288,8456.0,5448.0,6304.0
2289,8624.0,5500.0,6304.0
2290,8656.0,5576.0,6384.0
2291,8336.0,5472.0,6224.0
2292,8484.0,5580.0,6332.0
2293,8432.0,5632.0,6372.0
2294,8432.0,5456.0,6240.0
2295,8872.0,5932.0,6648.0
2296,8336.0,5364.0,6156.0
2297,8596.0,5600.0,6372.0
2298,8296.0,5396.0,6188.0
2299,8708.0,5776.0,6500.0
2300,8376.0,5480.0,6260.0
2301,8540.0,5728.0,6476.0
2302,8592.0,5636.0,6388.0
2303,8352.0,5360.0,6160.0
2304,8432.0,5532.0,6332.0
2305,8580.0,5680.0,6440.0
2306,8652.0,5604.0,6388.0
2307,8492.0,5648.0,6412.0
2308,8488.0,5404.0,6208.0
2309,8828.0,5848.0,6552.0
2310,8488.0,5464.0,6264.0
2311,8752.0,5848.0,6604.0
2312,8436.0,5512.0,6280.0
2313,8472.0,5660.0,6440.0
2314,8520.0,5428.0,6232.0
2315,8456.0,5624.0,6448.0
2316,8636.0,5520.0,6340.0
2317,8456.0,5412.0,6208.0
2318,8408.0,5564.0,6384.0
2319,8428.0,5288.0,6132.0
2320,8336.0,5516.0,6324.0
2321,8396.0,5464.0,6272.0
2322,8464.0,5528.0,6332.0
2323,8356.0,5440.0,6280.0
2324,8188.0,5296.0,6156.0
2325,8360.0,5408.0,6224.0
2326,8292.0,5384.0,6224.0
2327,8412.0,5560.0,6364.0
2328,8660.0,5596.0,6400.0
2329,8712.0,5600.0,6384.0
2330,8840.0,5540.0,6344.0
2331,8600.0,5484.0,6308.0
2332,8752.0,5404.0,6240.0
2333,8748.0,5628.0,6444.0
2334,8744.0,5396.0,6204.0
2335,8812.0,5748.0,6516.0
2336,8720.0,5536.0,6344.0
2337,8716.0,5472.0,6324.0
2338,8600.0,5472.0,6328.0
2339,8592.0,5404.0,6236.0
2340,8112.0,5208.0,6124.0
2341,8744.0,5432.0,6248.0
2342,8480.0,5368.0,6280.0
2343,8592.0,5332.0,6180.0
2344,8848.0,5516.0,6380.0
2345,8592.0,5392.0,6236.0
2346,8536.0,5480.0,6348.0
2347,8528.0,5264.0,6136.0
2348,8424.0,5320.0,6204.0
2349,8560.0,5216.0,6056.0
2350,8552.0,5304.0,6200.0
2351,8656.0,5300.0,6148.0
2352,8488.0,5424.0,6300.0
2353,8584.0,5196.0,6100.0
2354,9016.0,5728.0,6572.0
2355,8492.0,5184.0,6104.0
2356,8672.0,5320.0,6184.0
2357,8504.0,5264.0,6224.0
2358,8480.0,5416.0,6256.0
2359,8388.0,5332.0,6292.0
2360,8220.0,5300.0,6192.0
2361,8640.0,5408.0,6356.0
2362,8364.0,5204.0,6092.0
2363,8552.0,5308.0,6164.0
2364,8656.0,5436.0,6296.0
2365,8992.0,5636.0,6404.0
2366,8656.0,5408.0,6264.0
2367,8880.0,5440.0,6280.0
2368,8524.0,5284.0,6180.0
2369,8564.0,5616.0,6388.0
2370,8392.0,5440.0,6284.0
2371,8632.0,5552.0,6312.0
2372,8376.0,5576.0,6408.0
2373,8592.0,5620.0,6412.0
2374,8232.0,5440.0,6296.0
2375,8584.0,5496.0,6336.0
2376,8604.0,5420.0,6272.0
2377,8780.0,5708.0,6488.0
2378,8296.0,5416.0,6280.0
2379,8396.0,5416.0,6316.0
2380,8304.0,5312.0,6220.0
2381,8412.0,5352.0,6264.0
2382,8252.0,5284.0,6204.0
2383,8284.0,5208.0,6200.0
2384,8440.0,5328.0,6264.0
2385,8464.0,5432.0,6576.0
2386,8508.0,5540.0,6388.0
2387,8364.0,5364.0,6308.0
2388,8720.0,5648.0,6524.0
2389,8408.0,5384.0,6352.0
2390,8260.0,5380.0,6400.0
2391,8792.0,5668.0,6712.0
2392,8340.0,5288.0,6384.0
2393,8580.0,5548.0,6624.0
2394,8396.0,5172.0,6192.0
2395,8440.0,5448.0,6496.0
2396,8392.0,5380.0,6572.0
2397,8548.0,5512.0,6512.0
2398,8400.0,5368.0,6488.0
2399,8516.0,5432.0,6628.0
2400,8504.0,5312.0,6432.0
2401,8412.0,5456.0,6424.0
2402,8276.0,5288.0,6320.0
2403,8524.0,5512.0,6420.0
2404,8268.0,5164.0,6200.0
2405,8584.0,5528.0,6512.0
2406,8368.0,5432.0,6432.0
2407,8660.0,5608.0,6576.0
2408,8444.0,5496.0,6440.0
2409,8320.0,5484.0,6432.0
2410,8512.0,5280.0,6288.0
2411,8172.0,5288.0,6248.0
2412,8496.0,5584.0,6548.0
2413,8456.0,5364.0,6336.0
2414,8248.0,5412.0,6316.0
2415,8388.0,5324.0,6256.0
2416,8356.0,5504.0,6392.0
2417,8372.0,5540.0,6404.0
2418,8308.0,5380.0,6276.0
2419,8340.0,5408.0,6344.0
2420,8496.0,5464.0,6344.0
2421,8408.0,5288.0,6216.0
2422,8564.0,5372.0,6320.0
2423,8528.0,5472.0,6408.0
2424,8600.0,5304.0,6216.0
2425,8368.0,5424.0,6344.0
2426,8568.0,5324.0,6244.0
2427,8388.0,5292.0,6268.0
2428,8820.0,5468.0,6400.0
2429,8624.0,5508.0,6404.0
2430,8896.0,5552.0,6416.0
2431,8624.0,5400.0,6280.0
2432,8440.0,5344.0,6248.0
2433,8560.0,5240.0,6136.0
2434,8400.0,5192.0,6192.0
2435,8552.0,5388.0,6336.0
2436,8652.0,5460.0,6344.0
2437,8740.0,5540.0,6400.0
2438,8572.0,5404.0,6328.0
2439,8740.0,5484.0,6420.0
2440,8308.0,5172.0,6156.0
2441,8600.0,5512.0,6480.0
2442,9024.0,5680.0,6488.0
2443,8696.0,5400.0,6272.0
2444,8540.0,5360.0,6248.0
2445,8516.0,5316.0,6232.0
2446,8864.0,5368.0,6312.0
2447,8392.0,5192.0,6168.0
2448,8736.0,5460.0,6368.0
2449,8576.0,5348.0,6292.0
2450,8604.0,5368.0,6328.0
2451,8624.0,5248.0,6216.0
2452,8848.0,5672.0,6576.0
2453,8872.0,5456.0,6392.0
2454,8960.0,5536.0,6432.0
2455,8712.0,5512.0,6400.0
2456,8736.0,5584.0,6472.0
2457,8892.0,5600.0,6472.0
2458,8756.0,5364.0,6296.0
2459,8704.0,5528.0,6468.0
2460,8940.0,5428.0,6352.0
2461,8712.0,5444.0,6364.0
2462,8512.0,5372.0,6296.0
2463,8872.0,5400.0,6352.0
2464,8596.0,5404.0,6332.0
2465,8584.0,5304.0,6232.0
2466,8720.0,5400.0,6328.0
2467,8844.0,5376.0,6344.0
2468,8444.0,5196.0,6192.0
2469,8568.0,5244.0,6236.0
2470,8648.0,5236.0,6216.0
2471,8672.0,5184.0,6224.0
2472,8968.0,5384.0,6360.0
2473,8576.0,5184.0,6184.0
2474,8996.0,5460.0,6464.0
2475,8788.0,5456.0,6412.0
2476,8512.0,5160.0,6160.0
2477,8724.0,5228.0,6256.0
2478,8316.0,5204.0,6200.0
2479,8448.0,5240.0,6248.0
2480,8716.0,5272.0,6276.0
2481,8648.0,5412.0,6336.0
2482,8816.0,5528.0,6404.0
2483,8580.0,5388.0,6308.0
2484,8648.0,5328.0,6248.0
2485,8704.0,5448.0,6360.0
2486,8840.0,5468.0,6344.0
2487,8820.0,5308.0,6272.0
2488,8356.0,5068.0,6072.0
2489,8780.0,5420.0,6400.0
2490,8620.0,5304.0,6232.0
2491,8748.0,5352.0,6284.0
2492,8684.0,5168.0,6156.0
2493,8480.0,5224.0,6212.0
2494,8600.0,5280.0,6240.0
2495,8684.0,5248.0,6204.0
2496,8360.0,5332.0,6312.0
2497,8716.0,5420.0,6324.0
2498,8728.0,5660.0,6540.0
2499,8520.0,5360.0,6248.0
2500,8672.0,5560.0,6392.0
2501,8332.0,5288.0,6260.0
2502,8644.0,5516.0,6396.0
2503,8680.0,5516.0,6408.0
2504,8204.0,5168.0,6128.0
2505,8668.0,5448.0,6332.0
2506,8464.0,5288.0,6168.0
2507,8476.0,5364.0,6280.0
2508,8596.0,5296.0,6212.0
2509,8240.0,5296.0,6236.0
2510,8608.0,5448.0,6352.0
2511,8548.0,5472.0,6392.0
2512,8696.0,5524.0,6404.0
2513,8596.0,5520.0,6404.0
2514,8672.0,5620.0,6476.0
2515,8436.0,5360.0,6264.0
2516,8568.0,5468.0,6348.0
2517,8832.0,5600.0,6464.0
2518,8708.0,5604.0,6496.0
2519,8492.0,5276.0,6220.0
2520,8540.0,5512.0,6460.0
2521,8468.0,5328.0,6272.0
2522,8632.0,5444.0,6384.0
2523,8496.0,5360.0,6288.0
2524,8264.0,5440.0,6448.0
2525,8584.0,5424.0,6360.0
2526,8652.0,5596.0,6528.0
2527,8500.0,5360.0,6316.0
2528,8628.0,5520.0,6496.0
2529,8520.0,5344.0,6304.0
2530,8368.0,5176.0,6208.0
2531,8580.0,5504.0,6420.0
2532,8568.0,5300.0,6288.0
2533,8600.0,5468.0,6412.0
2534,8804.0,5376.0,6356.0
2535,8388.0,5184.0,6212.0
2536,8636.0,5440.0,6408.0
2537,8568.0,5544.0,6464.0
2538,8816.0,5504.0,6472.0
2539,8988.0,5476.0,6396.0
2540,8408.0,5280.0,6268.0
2541,8408.0,5208.0,6204.0
2542,8576.0,5428.0,6356.0
2543,8604.0,5384.0,6328.0
2544,8596.0,5544.0,6480.0
2545,8744.0,5436.0,6348.0
2546,8696.0,5360.0,6352.0
2547,8956.0,5540.0,6468.0
2548,8536.0,5288.0,6304.0
2549,8728.0,5412.0,6352.0
2550,8696.0,5432.0,6412.0
2551,8712.0,5416.0,6312.0
2552,8536.0,5304.0,6296.0
2553,8768.0,5420.0,6332.0
2554,8864.0,5304.0,6272.0
2555,8588.0,5464.0,6432.0
2556,8528.0,5356.0,6336.0
2557,8780.0,5508.0,6488.0
2558,8540.0,5208.0,6236.0
2559,8472.0,5384.0,6360.0
2560,8664.0,5360.0,6328.0
2561,8616.0,5340.0,6312.0
2562,8380.0,5292.0,6348.0
2563,8516.0,5268.0,6260.0
2564,8448.0,5360.0,6376.0
2565,8600.0,5212.0,6240.0
2566,8312.0,5236.0,6304.0
2567,8676.0,5276.0,6304.0
2568,8592.0,5208.0,6232.0
2569,8784.0,5388.0,6460.0
2570,8816.0,5240.0,6288.0
2571,8988.0,5496.0,6548.0
2572,8704.0,5196.0,6244.0
2573,8768.0,5584.0,6608.0
2574,8252.0,5068.0,6128.0
2575,8780.0,5292.0,6292.0
2576,8392.0,5120.0,6180.0
2577,8520.0,5128.0,6244.0
2578,8648.0,5352.0,6360.0
2579,8520.0,5224.0,6272.0
2580,8672.0,5296.0,6320.0
2581,8964.0,5404.0,6452.0
2582,8784.0,5232.0,6272.0
2583,9220.0,5712.0,6756.0
2584,8976.0,5524.0,6528.0
2585,8772.0,5436.0,6528.0
2586,8992.0,5344.0,6388.0
2587,8660.0,5272.0,6364.0
2588,8888.0,5288.0,6376.0
2589,8880.0,5624.0,6480.0
2590,8992.0,5492.0,6520.0
2591,8892.0,5280.0,6352.0
2592,8936.0,5144.0,6360.0
2593,8776.0,4960.0,6120.0
2594,8872.0,5336.0,6504.0
2595,8776.0,5228.0,6380.0
2596,9044.0,5448.0,6584.0
2597,8916.0,5368.0,6472.0
2598,8572.0,5048.0,6256.0
2599,8848.0,5344.0,6468.0
2600,8840.0,5248.0,6380.0
2601,8704.0,4960.0,6184.0
2602,9008.0,5224.0,6328.0
2603,8464.0,4984.0,6120.0
2604,8660.0,5092.0,6248.0
2605,8392.0,4952.0,6108.0
2606,8644.0,5572.0,6680.0
2607,8372.0,5124.0,6248.0
2608,8492.0,5844.0,6528.0
2609,8600.0,5476.0,6436.0
2610,8648.0,5476.0,6460.0
2611,8448.0,5328.0,6352.0
2612,8576.0,5328.0,6376.0
2613,8644.0,5424.0,6416.0
2614,8508.0,5268.0,6360.0
2615,8560.0,5448.0,6460.0
2616,8840.0,5456.0,6436.0
2617,8700.0,5300.0,6328.0
2618,8920.0,5316.0,6304.0
2619,8752.0,5220.0,6324.0
2620,8668.0,5236.0,6272.0
2621,8744.0,5040.0,6144.0
2622,8832.0,5152.0,6232.0
2623,8920.0,5456.0,6472.0
2624,8928.0,5524.0,6480.0
2625,8672.0,5156.0,6260.0
2626,8860.0,5216.0,6276.0
2627,8676.0,5168.0,6212.0
2628,9008.0,5320.0,6312.0
2629,8872.0,5440.0,6448.0
2630,9108.0,5556.0,6496.0
2631,8644.0,5156.0,6220.0
2632,9284.0,5728.0,6700.0
2633,8872.0,5264.0,6280.0
2634,8800.0,5280.0,6360.0
2635,8832.0,5424.0,6416.0
2636,8524.0,5180.0,6244.0
2637,8624.0,5324.0,6396.0
2638,8388.0,5012.0,6124.0
2639,8708.0,5448.0,6476.0
2640,8272.0,5160.0,6232.0
2641,8340.0,5404.0,6440.0
2642,8176.0,5256.0,6328.0
2643,8536.0,5296.0,6320.0
2644,8328.0,5440.0,6472.0
2645,8200.0,5232.0,6284.0
2646,8996.0,5792.0,6788.0
2647,8152.0,5168.0,6276.0
2648,8372.0,5244.0,6352.0
2649,8404.0,5312.0,6436.0
2650,8388.0,5216.0,6364.0
2651,8320.0,5216.0,6376.0
2652,8576.0,5440.0,6472.0
2653,8248.0,5336.0,6356.0
2654,8336.0,5080.0,6176.0
2655,8296.0,5200.0,6328.0
2656,8636.0,5548.0,6512.0
2657,8288.0,5280.0,6352.0
2658,8460.0,5544.0,6540.0
2659,8112.0,5296.0,6336.0
2660,8384.0,5264.0,6296.0
2661,8484.0,5336.0,6388.0
2662,8244.0,5356.0,6368.0
2663,8700.0,5540.0,6556.0
2664,8120.0,5112.0,6208.0
2665,8400.0,5320.0,6328.0
2666,7856.0,5024.0,6128.0
2667,8396.0,5400.0,6472.0
2668,8272.0,5200.0,6264.0
2669,8568.0,5400.0,6420.0
2670,8264.0,5264.0,6288.0
2671,8528.0,5416.0,6384.0
2672,8024.0,5128.0,6208.0
2673,8716.0,5720.0,6604.0
2674,8364.0,5384.0,6356.0
2675,8712.0,5508.0,6464.0
2676,8336.0,5176.0,6244.0
2677,8528.0,5544.0,6472.0
2678,8432.0,5200.0,6200.0
2679,8544.0,5508.0,6484.0
2680,8720.0,5592.0,6568.0
2681,8648.0,5656.0,6632.0
2682,8344.0,5320.0,6392.0
2683,8744.0,5632.0,6592.0
2684,8656.0,5512.0,6484.0
2685,8848.0,5528.0,6456.0
2686,8832.0,5588.0,6564.0
2687,8372.0,5320.0,6336.0
2688,8652.0,5584.0,6544.0
2689,8804.0,5576.0,6532.0
2690,8632.0,5440.0,6448.0
2691,8540.0,5400.0,6456.0
2692,8732.0,5352.0,6368.0
2693,8672.0,5712.0,6660.0
2694,8348.0,5424.0,6420.0
2695,8704.0,5680.0,6652.0
2696,8584.0,5592.0,6584.0
2697,8672.0,5616.0,6552.0
2698,8592.0,5496.0,6480.0
2699,8308.0,5252.0,6316.0
2700,8976.0,5560.0,6544.0
2701,8720.0,5288.0,6344.0
2702,8528.0,5204.0,6276.0
2703,8564.0,5564.0,6616.0
2704,8464.0,5208.0,6296.0
2705,8820.0,5652.0,6644.0
2706,8264.0,5068.0,6200.0
2707,8848.0,5504.0,6528.0
2708,8460.0,5360.0,6404.0
2709,8196.0,5084.0,6176.0
2710,8660.0,5360.0,6412.0
2711,8468.0,5196.0,6384.0
2712,8604.0,5144.0,6320.0
2713,8860.0,5816.0,6796.0
2714,8196.0,5120.0,6300.0
2715,8856.0,5604.0,6644.0
2716,8124.0,4992.0,6168.0
2717,8296.0,5204.0,6372.0
2718,8120.0,4864.0,6072.0
2719,8184.0,5152.0,6328.0
2720,8456.0,5200.0,6296.0
2721,7976.0,4896.0,6104.0
2722,8432.0,5352.0,6484.0
2723,8448.0,5112.0,6224.0
2724,8420.0,5304.0,6420.0
2725,8264.0,5172.0,6348.0
2726,8296.0,5016.0,6180.0
2727,8288.0,5104.0,6272.0
2728,8392.0,5056.0,6256.0
2729,8504.0,5228.0,6360.0
2730,8208.0,4884.0,6168.0
2731,8308.0,5072.0,6272.0
2732,8128.0,4872.0,6096.0
2733,8064.0,4992.0,6224.0
2734,7804.0,4648.0,5940.0
2735,7864.0,4644.0,5968.0
2736,8212.0,4992.0,6248.0
2737,8348.0,4968.0,6204.0
2738,8428.0,5084.0,6232.0
2739,8472.0,5136.0,6284.0
2740,8456.0,5152.0,6348.0
2741,8396.0,4980.0,6188.0
2742,8280.0,4984.0,6264.0
2743,8532.0,5076.0,6296.0
2744,8248.0,5072.0,6320.0
2745,8344.0,5136.0,6272.0
2746,8456.0,4848.0,6008.0
2747,8480.0,5224.0,6400.0
2748,8512.0,5208.0,6340.0
2749,8520.0,5164.0,6304.0
2750,8392.0,5020.0,6172.0
2751,8352.0,5024.0,6208.0
2752,8652.0,5176.0,6256.0
2753,8508.0,5012.0,6144.0
2754,8424.0,5088.0,6188.0
2755,8316.0,5084.0,6228.0
2756,8568.0,5352.0,6464.0
2757,8424.0,5020.0,6100.0
2758,8504.0,5288.0,6400.0
2759,8412.0,5024.0,6136.0
2760,8544.0,5336.0,6376.0
2761,8596.0,5332.0,6396.0
2762,8492.0,5360.0,6412.0
2763,8240.0,4832.0,5920.0
2764,8400.0,5248.0,6304.0
2765,8456.0,5076.0,6188.0
2766,8736.0,5484.0,6536.0
2767,8384.0,5156.0,6268.0
2768,8240.0,4900.0,6088.0
2769,8592.0,5152.0,6280.0
2770,8648.0,5312.0,6344.0
2771,9064.0,5772.0,6636.0
2772,9604.0,6212.0,6904.0
2773,9656.0,6184.0,6856.0
2774,9308.0,5868.0,6640.0
2775,9008.0,5732.0,6652.0
2776,8892.0,5464.0,6448.0
2777,8884.0,5376.0,6352.0
2778,8664.0,5348.0,6392.0
2779,8992.0,5572.0,6572.0
2780,8888.0,5572.0,6612.0
2781,8792.0,5336.0,6396.0
2782,8736.0,5472.0,6584.0
2783,9032.0,5348.0,6368.0
2784,8960.0,5552.0,6568.0
2785,8728.0,5488.0,6496.0
2786,8852.0,5572.0,6580.0
2787,8700.0,5456.0,6464.0
2788,8932.0,5312.0,6368.0
2789,8868.0,5260.0,6304.0
2790,9012.0,5740.0,6740.0
2791,8836.0,5424.0,6488.0
2792,8680.0,5232.0,6336.0
2793,8736.0,5448.0,6504.0
2794,8736.0,5200.0,6232.0
2795,8752.0,5432.0,6456.0
2796,8880.0,5480.0,6552.0
2797,8592.0,5408.0,6424.0
2798,8396.0,5252.0,6336.0
2799,8716.0,5312.0,6352.0
2800,8640.0,5440.0,6496.0
2801,8824.0,5624.0,6616.0
2802,8912.0,5600.0,6596.0
2803,8840.0,5504.0,6464.0
2804,8816.0,5484.0,6452.0
2805,8580.0,5436.0,6488.0
2806,8692.0,5396.0,6436.0
2807,8652.0,5584.0,6584.0
2808,8932.0,5708.0,6692.0
2809,8936.0,5628.0,6568.0
2810,8752.0,5652.0,6660.0
2811,8656.0,5592.0,6576.0
2812,9044.0,5868.0,6744.0
2813,9096.0,5816.0,6696.0
2814,9200.0,5864.0,6728.0
2815,9024.0,5632.0,6512.0
2816,8844.0,5664.0,6596.0
2817,8760.0,5688.0,6672.0
2818,8948.0,5832.0,6740.0
2819,8976.0,5648.0,6608.0
2820,8956.0,5544.0,6520.0
2821,8920.0,5552.0,6524.0
2822,8892.0,5876.0,6788.0
2823,8968.0,5744.0,6664.0
2824,8912.0,5784.0,6768.0
2825,9016.0,5876.0,6788.0
2826,8748.0,5556.0,6524.0
2827,9028.0,5668.0,6568.0
2828,8856.0,5632.0,6656.0
2829,8792.0,5632.0,6648.0
2830,9116.0,5800.0,6740.0
2831,8800.0,5860.0,6812.0
2832,8840.0,5668.0,6624.0
2833,8816.0,5608.0,6616.0
2834,8952.0,5744.0,6704.0
2835,8696.0,5576.0,6600.0
2836,8840.0,5708.0,6700.0
2837,8720.0,5744.0,6744.0
2838,8904.0,5896.0,6796.0
2839,8792.0,5716.0,6648.0
2840,8988.0,5884.0,6728.0
2841,8852.0,5836.0,6720.0
2842,8636.0,5628.0,6556.0
2843,8828.0,5892.0,6804.0
2844,9128.0,6064.0,6916.0
2845,8800.0,5744.0,6656.0
2846,8832.0,5720.0,6720.0
2847,8880.0,5720.0,6576.0
2848,8984.0,5976.0,6896.0
2849,9336.0,6168.0,6944.0
2850,9304.0,6280.0,6984.0
2851,9028.0,5972.0,6824.0
2852,8996.0,5880.0,6748.0
2853,8988.0,5964.0,6800.0
2854,8716.0,5812.0,6692.0
2855,9016.0,6032.0,6884.0
2856,8712.0,5928.0,6840.0
2857,8656.0,5856.0,6792.0
2858,8792.0,5896.0,6776.0
2859,9056.0,5968.0,6728.0
2860,8704.0,5700.0,6584.0
2861,9088.0,6120.0,6900.0
2862,8976.0,5996.0,6800.0
2863,8796.0,5964.0,6772.0
2864,9032.0,5956.0,6708.0
2865,8852.0,5948.0,6764.0
2866,9408.0,6136.0,6904.0
2867,8920.0,5812.0,6656.0
2868,8996.0,5912.0,6776.0
2869,8692.0,5868.0,6768.0
2870,8792.0,5744.0,6656.0
2871,8920.0,5860.0,6704.0
2872,8784.0,5860.0,6712.0
2873,9112.0,5996.0,6816.0
2874,9136.0,6240.0,7012.0
2875,8944.0,5916.0,6732.0
2876,9220.0,6092.0,6820.0
2877,8920.0,5784.0,6696.0
2878,8888.0,5836.0,6728.0
2879,9028.0,6004.0,6896.0
2880,8784.0,5688.0,6712.0
2881,9088.0,5808.0,6808.0
2882,9244.0,6076.0,6884.0
2883,8940.0,5820.0,6744.0
2884,9380.0,6172.0,7036.0
2885,9184.0,6064.0,6964.0
2886,8748.0,5760.0,6728.0
2887,8992.0,5860.0,6804.0
2888,8948.0,5888.0,6820.0
2889,8872.0,5848.0,6768.0
2890,8776.0,5844.0,6812.0
2891,8728.0,5832.0,6808.0
2892,8768.0,5800.0,6784.0
2893,8840.0,5696.0,6616.0
2894,9104.0,5896.0,6784.0
2895,8672.0,5840.0,6740.0
2896,9080.0,5920.0,6856.0
2897,9092.0,6160.0,7004.0
2898,8784.0,5896.0,6856.0
2899,8776.0,5784.0,6584.0
2900,9000.0,5768.0,6792.0
2901,8484.0,5572.0,6600.0
2902,9048.0,6084.0,7000.0
2903,9080.0,6020.0,6968.0
2904,8360.0,5384.0,6376.0
2905,8960.0,5712.0,6744.0
2906,8912.0,5932.0,6848.0
2907,9080.0,6088.0,6956.0
2908,9332.0,6400.0,7188.0
2909,8768.0,6108.0,6932.0
2910,9072.0,6088.0,6872.0
2911,8764.0,5872.0,6824.0
2912,8900.0,5836.0,6764.0
2913,8736.0,5848.0,6812.0
2914,9072.0,6008.0,6896.0
2915,9008.0,6188.0,7008.0
2916,8852.0,5860.0,6736.0
2917,8992.0,6036.0,6812.0
2918,8768.0,5820.0,6724.0
2919,8864.0,5856.0,6824.0
2920,9076.0,6156.0,6996.0
2921,8740.0,5992.0,6876.0
2922,9132.0,6156.0,6964.0
2923,9200.0,6236.0,6996.0
2924,8880.0,6108.0,6948.0
2925,9196.0,6256.0,7040.0
2926,8696.0,5976.0,6896.0
2927,8856.0,5936.0,6824.0
2928,9064.0,6072.0,6900.0
2929,8788.0,6056.0,6944.0
2930,9120.0,6132.0,6940.0
2931,8960.0,6184.0,6928.0
2932,9084.0,6216.0,7056.0
2933,9104.0,5976.0,6844.0
2934,9424.0,6196.0,6968.0
2935,9208.0,6024.0,6968.0
2936,8888.0,5856.0,6816.0
2937,9368.0,6248.0,7044.0
2938,8704.0,5676.0,6640.0
2939,9300.0,6156.0,6920.0
2940,8928.0,5988.0,6868.0
2941,9240.0,6048.0,6912.0
2942,8880.0,5992.0,6920.0
2943,9112.0,6060.0,7024.0
2944,8960.0,6072.0,6952.0
2945,8936.0,5836.0,6828.0
2946,8972.0,5972.0,6904.0
2947,8972.0,6092.0,7032.0
2948,9008.0,5864.0,6816.0
2949,8160.0,5360.0,6504.0
2950,9688.0,6328.0,7076.0
2951,9916.0,6428.0,7140.0
2952,9480.0,6160.0,6936.0
2953,8164.0,5048.0,6144.0
2954,9568.0,6448.0,7200.0
2955,8784.0,5896.0,6928.0
2956,9104.0,5872.0,6860.0
2957,8868.0,5844.0,6820.0
2958,8900.0,5828.0,6848.0
2959,9160.0,6224.0,7136.0
2960,8652.0,5740.0,6748.0
2961,8848.0,5872.0,6864.0
2962,9064.0,5992.0,6932.0
2963,8792.0,5752.0,6864.0
2964,8560.0,5596.0,6668.0
2965,9180.0,6184.0,7132.0
2966,9208.0,6168.0,7108.0
2967,9008.0,6036.0,6996.0
2968,9176.0,6084.0,7056.0
2969,8988.0,5916.0,6908.0
2970,8984.0,5896.0,6960.0
2971,8952.0,5864.0,6872.0
2972,9272.0,5768.0,6888.0
2973,8632.0,5520.0,6536.0
2974,8968.0,6000.0,7056.0
2975,9328.0,6184.0,7060.0
2976,8776.0,5884.0,6880.0
2977,9236.0,6228.0,7160.0
2978,9060.0,5956.0,6952.0
2979,8800.0,5824.0,6776.0
2980,8832.0,5864.0,6976.0
2981,8744.0,5824.0,6784.0
2982,8808.0,5784.0,6848.0
2983,9296.0,6112.0,7064.0
2984,8784.0,5816.0,6808.0
2985,8600.0,5704.0,6812.0
2986,8860.0,5812.0,6840.0
2987,8768.0,5700.0,6748.0
2988,8712.0,5720.0,6740.0
2989,8756.0,5832.0,6912.0
2990,8800.0,5820.0,6908.0
2991,9092.0,5840.0,6864.0
2992,9200.0,5928.0,6864.0
2993,9000.0,5800.0,6912.0
2994,9328.0,5808.0,6928.0
2995,9212.0,6196.0,7140.0
2996,8744.0,5848.0,6928.0
2997,8632.0,5692.0,6752.0
2998,8696.0,5576.0,6576.0
2999,8984.0,5960.0,7032.0
3000,9292.0,6092.0,7092.0
3001,9024.0,6020.0,7016.0
3002,8608.0,5652.0,6716.0
3003,9404.0,6328.0,7148.0
3004,9000.0,5992.0,6924.0
3005,9024.0,6056.0,6976.0
3006,9784.0,6544.0,7304.0
3007,9232.0,6288.0,7080.0
3008,9184.0,6144.0,7052.0
3009,9420.0,6348.0,7168.0
3010,9036.0,6068.0,6992.0
3011,9584.0,6608.0,7376.0
3012,8944.0,6080.0,7032.0
3013,9032.0,6100.0,6996.0
3014,9488.0,6232.0,7056.0
3015,9192.0,6120.0,7072.0
3016,9192.0,6160.0,6960.0
3017,9120.0,6264.0,7172.0
3018,9624.0,6440.0,7172.0
3019,9272.0,6288.0,7100.0
3020,9388.0,6264.0,7040.0
3021,9196.0,6252.0,7080.0
3022,9356.0,6456.0,7236.0
3023,9240.0,6128.0,6992.0
3024,9140.0,6152.0,7024.0
3025,9568.0,6604.0,7356.0
3026,9248.0,6264.0,7032.0
3027,9100.0,6096.0,6968.0
3028,9012.0,6184.0,7016.0
3029,9316.0,6436.0,7224.0
3030,9112.0,6336.0,7208.0
3031,9376.0,6448.0,7168.0
3032,9192.0,6300.0,7136.0
3033,9104.0,6352.0,7244.0
3034,9284.0,6280.0,7124.0
3035,9064.0,6088.0,7096.0
3036,8892.0,5752.0,6712.0
3037,9224.0,6256.0,7256.0
3038,9300.0,6212.0,7140.0
3039,9200.0,6064.0,7080.0
3040,9080.0,6064.0,7088.0
3041,9328.0,6268.0,7212.0
3042,9632.0,5960.0,6872.0
3043,9000.0,6280.0,7208.0
3044,9168.0,6008.0,7032.0
3045,9504.0,6376.0,7144.0
3046,9100.0,6092.0,7040.0
3047,9640.0,6280.0,7216.0
3048,9792.0,6568.0,7348.0
3049,9112.0,5864.0,6720.0
3050,8944.0,6040.0,7040.0
3051,8960.0,6084.0,6984.0
3052,9376.0,6360.0,7216.0
3053,9228.0,6108.0,6988.0
3054,8908.0,6092.0,7064.0
3055,8880.0,5788.0,6684.0
3056,9104.0,6280.0,7212.0
3057,8832.0,5952.0,6904.0
3058,9240.0,6360.0,7284.0
3059,9216.0,6280.0,7328.0
3060,9344.0,6200.0,7228.0
3061,9448.0,6304.0,7200.0
3062,9704.0,6440.0,7312.0
3063,9032.0,5984.0,7088.0
3064,9200.0,6184.0,7128.0
3065,9172.0,6176.0,7236.0
3066,9120.0,6212.0,7240.0
3067,9192.0,6064.0,7080.0
3068,8904.0,5760.0,6760.0
3069,9072.0,6184.0,7256.0
3070,9208.0,6184.0,7248.0
3071,9584.0,6536.0,7380.0
3072,9600.0,6584.0,7400.0
3073,9196.0,6216.0,7144.0
3074,9552.0,6340.0,7196.0
3075,9192.0,6232.0,7228.0
3076,9136.0,6104.0,7072.0
3077,9280.0,6180.0,7104.0
3078,9040.0,6220.0,7236.0
3079,9156.0,6136.0,7112.0
3080,9200.0,6080.0,6992.0
3081,9164.0,6244.0,7232.0
3082,9280.0,6176.0,7216.0
3083,9712.0,6536.0,7436.0
3084,9128.0,6168.0,7232.0
3085,9016.0,5848.0,6900.0
3086,9744.0,6368.0,7208.0
3087,9240.0,5980.0,6996.0
3088,9716.0,6372.0,7288.0
3089,9976.0,6512.0,7328.0
3090,9940.0,6624.0,7476.0
3091,9380.0,6300.0,7324.0
3092,9864.0,6388.0,7352.0
3093,9160.0,6096.0,7064.0
3094,9304.0,5992.0,7136.0
3095,9584.0,6192.0,7244.0
3096,9788.0,6436.0,7432.0
3097,9272.0,5952.0,7020.0
3098,9448.0,6280.0,7220.0
3099,8992.0,6176.0,7280.0
3100,8952.0,5992.0,7152.0
3101,9656.0,6536.0,7476.0
3102,8916.0,5876.0,6968.0
3103,8856.0,5960.0,7104.0
3104,9724.0,6524.0,7416.0
3105,9072.0,6056.0,7092.0
3106,9024.0,6084.0,7100.0
3107,9176.0,6312.0,7344.0
3108,9176.0,6184.0,7248.0
3109,9248.0,6260.0,7248.0
3110,9032.0,6120.0,7232.0
3111,9536.0,6412.0,7272.0
3112,9424.0,6464.0,7424.0
3113,9376.0,6304.0,7252.0
3114,9392.0,6432.0,7356.0
3115,9236.0,6396.0,7380.0
3116,9032.0,6096.0,7128.0
3117,9148.0,6164.0,7160.0
3118,9300.0,6384.0,7404.0
3119,9244.0,6112.0,7156.0
3120,9176.0,6248.0,7312.0
3121,9692.0,6604.0,7536.0
3122,9236.0,6144.0,7128.0
3123,9724.0,6524.0,7408.0
3124,9136.0,6256.0,7320.0
3125,9384.0,6304.0,7360.0
3126,9752.0,6640.0,7448.0
3127,10000.0,6768.0,7544.0
3128,10048.0,6716.0,7584.0
3129,9328.0,6216.0,7224.0
3130,9392.0,6316.0,7296.0
3131,9716.0,6480.0,7440.0
3132,9612.0,6552.0,7504.0
3133,9512.0,6440.0,7372.0
3134,9520.0,6568.0,7440.0
3135,9872.0,6728.0,7512.0
3136,9396.0,6424.0,7336.0
3137,9828.0,6772.0,7604.0
3138,9696.0,6648.0,7524.0
3139,9308.0,6252.0,7220.0
3140,10008.0,6768.0,7548.0
3141,9652.0,6520.0,7412.0
3142,10008.0,6688.0,7480.0
3143,9948.0,6996.0,7812.0
3144,10020.0,6960.0,7688.0
3145,9636.0,6548.0,7452.0
3146,10064.0,6832.0,7616.0
3147,10064.0,6992.0,7728.0
3148,9760.0,7012.0,7784.0
3149,10268.0,7180.0,7868.0
3150,9692.0,6700.0,7548.0
3151,9988.0,6964.0,7760.0
3152,9576.0,6596.0,7484.0
3153,9536.0,6432.0,7448.0
3154,9468.0,6428.0,7356.0
3155,9632.0,6660.0,7556.0
3156,9960.0,6836.0,7708.0
3157,9536.0,6596.0,7492.0
3158,9952.0,6888.0,7644.0
3159,9508.0,6520.0,7416.0
3160,10116.0,7080.0,7836.0
3161,10008.0,6948.0,7748.0
3162,9120.0,6024.0,6960.0
3163,9536.0,6576.0,7552.0
3164,10028.0,6700.0,7516.0
3165,9880.0,6840.0,7688.0
3166,9976.0,6956.0,7748.0
3167,9928.0,6904.0,7700.0
3168,9728.0,6720.0,7588.0
3169,10336.0,7248.0,7912.0
3170,9384.0,6624.0,7560.0
3171,9816.0,6704.0,7728.0
3172,9556.0,6600.0,7576.0
3173,9776.0,6924.0,7768.0
3174,9580.0,6704.0,7584.0
3175,9704.0,6688.0,7532.0
3176,10144.0,6968.0,7712.0
3177,9712.0,6784.0,7712.0
3178,9464.0,6752.0,7712.0
3179,10008.0,6788.0,7652.0
3180,9668.0,6688.0,7596.0
3181,10520.0,7364.0,8076.0
3182,9988.0,6956.0,7772.0
3183,9736.0,6712.0,7580.0
3184,9760.0,6780.0,7652.0
3185,9664.0,6640.0,7568.0
3186,9444.0,6716.0,7668.0
3187,10232.0,6992.0,7744.0
3188,9600.0,6576.0,7536.0
3189,9648.0,6812.0,7680.0
3190,9672.0,6640.0,7624.0
3191,9652.0,6736.0,7688.0
3192,9504.0,6512.0,7484.0
3193,9636.0,6532.0,7460.0
3194,9576.0,6688.0,7712.0
3195,9168.0,6072.0,7040.0
3196,8864.0,5600.0,6704.0
3197,10264.0,7168.0,7952.0
3198,10700.0,7684.0,8256.0
3199,10000.0,7184.0,7896.0
3200,9944.0,6864.0,7632.0
3201,9952.0,7104.0,7864.0
3202,9728.0,6752.0,7588.0
3203,10544.0,7456.0,8116.0
3204,10588.0,7628.0,8240.0
3205,9904.0,6896.0,7688.0
3206,9784.0,6448.0,7272.0
3207,10124.0,7324.0,8000.0
3208,10312.0,7372.0,8060.0
3209,9624.0,6744.0,7588.0
3210,9972.0,7040.0,7872.0
3211,9884.0,7104.0,7912.0
3212,9896.0,7128.0,7868.0
3213,10364.0,7484.0,8072.0
3214,9732.0,6948.0,7728.0
3215,10508.0,7692.0,8300.0
3216,9768.0,7160.0,7944.0
3217,10208.0,7176.0,7968.0
3218,10592.0,7552.0,8128.0
3219,10544.0,7528.0,8168.0
3220,10152.0,7200.0,7888.0
3221,9872.0,7120.0,7872.0
3222,10592.0,7788.0,8344.0
3223,10612.0,7836.0,8376.0
3224,9988.0,7172.0,7876.0
3225,10388.0,7476.0,8052.0
3226,10304.0,7492.0,8132.0
3227,10872.0,8024.0,8448.0
3228,10196.0,7384.0,8024.0
3229,9964.0,7368.0,8004.0
3230,9952.0,7456.0,8124.0
3231,10192.0,7496.0,8040.0
3232,10272.0,7616.0,8128.0
3233,10352.0,7544.0,8176.0
3234,10288.0,7464.0,8160.0
3235,10736.0,8016.0,8444.0
3236,10228.0,7576.0,8184.0
3237,10728.0,7824.0,8288.0
3238,10340.0,7556.0,8112.0
3239,10520.0,7644.0,8220.0
3240,10584.0,7864.0,8360.0
3241,10712.0,7848.0,8344.0
3242,10176.0,7620.0,8244.0
3243,10940.0,8208.0,8640.0
3244,10048.0,7368.0,8060.0
3245,9636.0,6984.0,7788.0
3246,10084.0,7452.0,8164.0
3247,10096.0,7576.0,8256.0
3248,10176.0,7564.0,8188.0
3249,10296.0,7792.0,8384.0
3250,10880.0,8116.0,8532.0
3251,10480.0,7732.0,8284.0
3252,11024.0,8464.0,8808.0
3253,10592.0,7720.0,8352.0
3254,10280.0,7548.0,8152.0
3255,10932.0,8080.0,8528.0
3256,10504.0,7804.0,8360.0
3257,10280.0,7696.0,8316.0
3258,10760.0,7920.0,8408.0
3259,9992.0,7372.0,8112.0
3260,10272.0,7560.0,8168.0
3261,10212.0,7444.0,8120.0
3262,10044.0,7412.0,8092.0
3263,10096.0,7456.0,8192.0
3264,10392.0,7936.0,8464.0
3265,10740.0,8252.0,8684.0
3266,10416.0,7808.0,8340.0
3267,10832.0,8140.0,8548.0
3268,10448.0,7760.0,8324.0
3269,10504.0,7776.0,8336.0
3270,10040.0,7340.0,8056.0
3271,10464.0,8008.0,8520.0
3272,10056.0,7540.0,8176.0
3273,10224.0,7856.0,8448.0
3274,10924.0,8260.0,8648.0
3275,10352.0,7976.0,8520.0
3276,10288.0,7952.0,8512.0
3277,10784.0,7928.0,8408.0
3278,10280.0,7776.0,8376.0
3279,10624.0,7924.0,8416.0
3280,10328.0,7624.0,8272.0
3281,10280.0,7632.0,8272.0
3282,9872.0,7380.0,8156.0
3283,10168.0,7608.0,8320.0
3284,10140.0,7584.0,8292.0
3285,10172.0,7616.0,8264.0
3286,10784.0,7968.0,8504.0
3287,10352.0,7664.0,8276.0
3288,10340.0,7676.0,8348.0
3289,10372.0,7660.0,8304.0
3290,10424.0,7620.0,8184.0
3291,10320.0,7632.0,8264.0
3292,10392.0,7616.0,8264.0
3293,10360.0,7832.0,8480.0
3294,10616.0,8040.0,8616.0
3295,11420.0,8496.0,8884.0
3296,10732.0,7928.0,8492.0
3297,10688.0,7808.0,8352.0
3298,10712.0,8016.0,8592.0
3299,11052.0,8268.0,8744.0
3300,11208.0,8320.0,8780.0
3301,10560.0,7784.0,8400.0
3302,10456.0,7576.0,8320.0
3303,10476.0,7624.0,8216.0
3304,10640.0,7804.0,8412.0
3305,11232.0,8180.0,8636.0
3306,10936.0,7860.0,8384.0
3307,10096.0,6824.0,7608.0
3308,11384.0,8000.0,8608.0
3309,10868.0,7876.0,8448.0
3310,11336.0,8304.0,8720.0
3311,11000.0,8320.0,8768.0
3312,10364.0,7736.0,8376.0
3313,10320.0,7756.0,8464.0
3314,10720.0,7948.0,8560.0
3315,10960.0,8128.0,8604.0
3316,10664.0,8032.0,8632.0
3317,10456.0,7744.0,8376.0
3318,10404.0,7816.0,8504.0
3319,10836.0,8148.0,8648.0
3320,10560.0,7932.0,8576.0
3321,10560.0,7888.0,8516.0
3322,11440.0,8632.0,8960.0
3323,10920.0,8472.0,8928.0
3324,10552.0,8080.0,8712.0
3325,10584.0,8072.0,8704.0
3326,11252.0,8604.0,8936.0
3327,10400.0,7836.0,8528.0
3328,11280.0,8452.0,8852.0
3329,10676.0,8032.0,8620.0
3330,10652.0,7984.0,8580.0
3331,11296.0,8572.0,8940.0
3332,10520.0,7652.0,8280.0
3333,11304.0,8704.0,9048.0
3334,11048.0,8208.0,8744.0
3335,10272.0,7568.0,8440.0
3336,10464.0,7828.0,8528.0
3337,11056.0,8208.0,8808.0
3338,11380.0,8520.0,9008.0
3339,10600.0,7796.0,8480.0
3340,11304.0,8508.0,8896.0
3341,10380.0,7732.0,8424.0
3342,11416.0,8436.0,8956.0
3343,11124.0,8136.0,8680.0
3344,11576.0,8760.0,9112.0
3345,11352.0,8464.0,8888.0
3346,10840.0,7776.0,8432.0
3347,10388.0,7760.0,8472.0
3348,10208.0,7684.0,8456.0
3349,10560.0,7920.0,8588.0
3350,10264.0,7692.0,8504.0
3351,10156.0,7360.0,8112.0
3352,11352.0,8404.0,8900.0
3353,10760.0,7972.0,8616.0
3354,10632.0,7840.0,8520.0
3355,11700.0,8908.0,9280.0
3356,11548.0,8808.0,9220.0
3357,10856.0,7912.0,8560.0
3358,10896.0,7904.0,8688.0
3359,10424.0,7800.0,8608.0
3360,11064.0,8036.0,8724.0
3361,11336.0,8368.0,8840.0
3362,10916.0,8168.0,8764.0
3363,11640.0,8864.0,9216.0
3364,11120.0,8196.0,8776.0
3365,11120.0,8420.0,8996.0
3366,11464.0,8656.0,9072.0
3367,11036.0,8148.0,8756.0
3368,10916.0,8084.0,8756.0
3369,11428.0,8564.0,9048.0
3370,11024.0,8160.0,8836.0
3371,11616.0,8436.0,9044.0
3372,11024.0,7864.0,8640.0
3373,10816.0,7912.0,8624.0
3374,11464.0,8644.0,9136.0
3375,11164.0,8392.0,9004.0
3376,11272.0,8648.0,9248.0
3377,11304.0,8728.0,9184.0
3378,10896.0,8348.0,8948.0
3379,11192.0,8552.0,9184.0
3380,11528.0,8792.0,9236.0
3381,10916.0,8208.0,8844.0
3382,11108.0,8656.0,9156.0
3383,11712.0,9116.0,9396.0
3384,10972.0,8384.0,8916.0
3385,11756.0,9212.0,9508.0
3386,10900.0,8308.0,8868.0
3387,11424.0,8704.0,9144.0
3388,10948.0,8484.0,9084.0
3389,11224.0,8688.0,9176.0
3390,10992.0,8248.0,8920.0
3391,11544.0,8944.0,9324.0
3392,11020.0,8404.0,8960.0
3393,10964.0,8448.0,9060.0
3394,11664.0,9004.0,9412.0
3395,11600.0,8824.0,9176.0
3396,11400.0,8600.0,9016.0
3397,10992.0,8224.0,8852.0
3398,11280.0,8560.0,9144.0
3399,11684.0,9024.0,9428.0
3400,11456.0,8828.0,9308.0
3401,11076.0,8520.0,9060.0
3402,11560.0,8784.0,9220.0
3403,10820.0,8288.0,8944.0
3404,11472.0,8924.0,9392.0
3405,10916.0,8484.0,9120.0
3406,10500.0,8012.0,8780.0
3407,10848.0,8256.0,9000.0
3408,10688.0,8128.0,8808.0
3409,10952.0,8368.0,8968.0
3410,10888.0,8300.0,9064.0
3411,10788.0,8360.0,9052.0
3412,10400.0,7880.0,8716.0
3413,10696.0,8156.0,8856.0
3414,10872.0,8508.0,9160.0
3415,10852.0,8292.0,8956.0
3416,11364.0,8872.0,9380.0
3417,10876.0,8428.0,9048.0
3418,11948.0,9400.0,9664.0
3419,10720.0,8536.0,9200.0
3420,10544.0,7992.0,8740.0
3421,12216.0,9664.0,9872.0
3422,10532.0,8032.0,8808.0
3423,11440.0,8796.0,9252.0
3424,11120.0,8416.0,9032.0
3425,10780.0,8236.0,8988.0
3426,10980.0,8468.0,9180.0
3427,12248.0,9732.0,9908.0
3428,10864.0,8176.0,8904.0
3429,10948.0,8312.0,9028.0
3430,11228.0,8520.0,9104.0
3431,10904.0,8320.0,9064.0
3432,11760.0,9064.0,9512.0
3433,11140.0,8608.0,9224.0
3434,12184.0,9416.0,9688.0
3435,10424.0,7964.0,8900.0
3436,10660.0,8064.0,8880.0
3437,10412.0,7976.0,8832.0
3438,10672.0,8152.0,8924.0
3439,10424.0,8024.0,8952.0
3440,10608.0,8076.0,8948.0
3441,10732.0,8060.0,8884.0
3442,10784.0,8136.0,9080.0
3443,10696.0,8140.0,8984.0
3444,11448.0,8776.0,9428.0
3445,11256.0,8808.0,9452.0
3446,10508.0,8064.0,8908.0
3447,10860.0,8276.0,8972.0
3448,10716.0,8192.0,8952.0
3449,11268.0,8872.0,9488.0
3450,11148.0,8688.0,9372.0
3451,10808.0,8488.0,9280.0
3452,10656.0,7960.0,8752.0
3453,10552.0,8296.0,9168.0
3454,10528.0,8044.0,8888.0
3455,11188.0,8840.0,9476.0
3456,11252.0,8928.0,9524.0
3457,10928.0,8500.0,9152.0
3458,11616.0,9108.0,9536.0
3459,10452.0,8020.0,8888.0
3460,11416.0,8744.0,9312.0
3461,11192.0,8512.0,9088.0
3462,11112.0,8480.0,9048.0
3463,10720.0,8268.0,9036.0
3464,11144.0,8460.0,9080.0
3465,10704.0,8172.0,8976.0
3466,10876.0,8336.0,9128.0
3467,11904.0,9456.0,9828.0
3468,11192.0,8820.0,9448.0
3469,11512.0,9120.0,9592.0
3470,10284.0,7844.0,8816.0
3471,10640.0,8016.0,8936.0
3472,10708.0,8144.0,9020.0
3473,10576.0,8224.0,9168.0
3474,10320.0,8008.0,9016.0
3475,10028.0,7608.0,8704.0
3476,10752.0,8272.0,9080.0
3477,10520.0,8088.0,8976.0
3478,12120.0,9624.0,9976.0
3479,10492.0,8124.0,8988.0
3480,10288.0,7904.0,9024.0
3481,11136.0,8536.0,9252.0
3482,11160.0,8724.0,9452.0
3483,10776.0,8208.0,9128.0
3484,10848.0,8360.0,9288.0
3485,10168.0,7752.0,8960.0
3486,10736.0,8312.0,9284.0
3487,10556.0,7968.0,8956.0
3488,11212.0,8544.0,9244.0
3489,10260.0,7712.0,8812.0
3490,11392.0,8992.0,9676.0
3491,11752.0,9232.0,9820.0
3492,10816.0,8220.0,9060.0
3493,10912.0,8296.0,9096.0
3494,10496.0,7488.0,8424.0
3495,10896.0,8184.0,9176.0
3496,11520.0,8488.0,9224.0
3497,11904.0,9000.0,9504.0
3498,11640.0,9336.0,9784.0
3499,10496.0,8048.0,9096.0
3500,10852.0,8296.0,9188.0
3501,10536.0,8108.0,9092.0
3502,10996.0,8584.0,9424.0
3503,10872.0,8632.0,9536.0
3504,10804.0,8440.0,9380.0
3505,10928.0,8656.0,9360.0
3506,10904.0,8744.0,9576.0
3507,10300.0,8144.0,9104.0
3508,12168.0,9960.0,10320.0
3509,11844.0,9656.0,10120.0
3510,10432.0,8164.0,9040.0
3511,11748.0,9300.0,9768.0
3512,11196.0,9008.0,9632.0
3513,11484.0,9240.0,9828.0
3514,11616.0,9320.0,9712.0
3515,11948.0,9812.0,10208.0
3516,11032.0,9012.0,9732.0
3517,10516.0,8268.0,9180.0
3518,11084.0,8640.0,9380.0
3519,10376.0,8176.0,9124.0
3520,10952.0,8948.0,9704.0
3521,12668.0,10512.0,10652.0
3522,10536.0,8340.0,9236.0
3523,10852.0,8616.0,9340.0
3524,11116.0,8944.0,9580.0
3525,11696.0,9408.0,9832.0
3526,12056.0,9736.0,10128.0
3527,12188.0,10196.0,10456.0
3528,11320.0,9368.0,10000.0
3529,10936.0,9152.0,9960.0
3530,10996.0,8836.0,9548.0
3531,11168.0,9028.0,9680.0
3532,11524.0,9408.0,9972.0
3533,11268.0,9200.0,9868.0
3534,10960.0,8744.0,9424.0
3535,11600.0,9680.0,10168.0
3536,10912.0,8840.0,9596.0
3537,12324.0,10276.0,10572.0
3538,11776.0,9840.0,10288.0
3539,12360.0,10352.0,10608.0
3540,11616.0,9124.0,9756.0
3541,12032.0,9580.0,10024.0
3542,11348.0,9020.0,9668.0
3543,12268.0,9992.0,10380.0
3544,12604.0,10424.0,10644.0
3545,12208.0,10216.0,10528.0
3546,11688.0,9520.0,9996.0
3547,12092.0,9716.0,10108.0
3548,11252.0,9048.0,9688.0
3549,12336.0,10452.0,10688.0
3550,12132.0,10176.0,10512.0
3551,11136.0,8860.0,9596.0
3552,11900.0,9596.0,10040.0
3553,12656.0,10564.0,10840.0
3554,11552.0,9516.0,10012.0
3555,12220.0,10032.0,10448.0
3556,12208.0,9944.0,10256.0
3557,11104.0,9268.0,9972.0
3558,12600.0,10116.0,10408.0
3559,11728.0,10064.0,10464.0
3560,11408.0,9816.0,10312.0
3561,12688.0,10612.0,10744.0
3562,11208.0,9176.0,9828.0
3563,12172.0,9996.0,10356.0
3564,11172.0,9192.0,9872.0
3565,12204.0,10316.0,10676.0
3566,12396.0,10424.0,10748.0
3567,11512.0,9864.0,10432.0
3568,10936.0,8552.0,9408.0
3569,11008.0,9040.0,9820.0
3570,11704.0,9912.0,10472.0
3571,12736.0,10916.0,11076.0
3572,10728.0,8424.0,9256.0
3573,11920.0,10360.0,10752.0
3574,12196.0,9944.0,10384.0
3575,11256.0,9416.0,9996.0
3576,12680.0,11088.0,11192.0
3577,12432.0,10156.0,10576.0
3578,11984.0,9792.0,10216.0
3579,11888.0,10028.0,10492.0
3580,12608.0,10544.0,10792.0
3581,11232.0,9600.0,10328.0
3582,12864.0,11136.0,11192.0
3583,12656.0,10796.0,11388.0
3584,11800.0,10076.0,10948.0
3585,11036.0,9252.0,10416.0
3586,11196.0,9444.0,10456.0
3587,10904.0,9136.0,10300.0
3588,11168.0,9508.0,10624.0
3589,11008.0,9712.0,10792.0
3590,12776.0,11320.0,11788.0
3591,10176.0,8296.0,9576.0
3592,11008.0,9528.0,10728.0
3593,10848.0,9192.0,10304.0
3594,11352.0,9724.0,10744.0
3595,11572.0,10284.0,11040.0
3596,11036.0,9432.0,10492.0
3597,10496.0,8680.0,9888.0
3598,11564.0,10256.0,11072.0
3599,11132.0,9572.0,10648.0
3600,11560.0,10184.0,11000.0
3601,11448.0,10160.0,11008.0
3602,10256.0,8644.0,10040.0
3603,11036.0,9324.0,10376.0
3604,10360.0,8696.0,10012.0
3605,11232.0,9956.0,10884.0
3606,11376.0,10140.0,10980.0
3607,10920.0,9040.0,10168.0
3608,10584.0,9160.0,10328.0
3609,10692.0,8980.0,10120.0
3610,11288.0,9956.0,10852.0
3611,10904.0,9376.0,10520.0
3612,11616.0,10404.0,11188.0
3613,13000.0,11480.0,11852.0
3614,11904.0,10364.0,11168.0
3615,12068.0,10620.0,11340.0
3616,13020.0,11516.0,11872.0
3617,11872.0,10484.0,11256.0
3618,12884.0,11488.0,11884.0
3619,11968.0,10524.0,11284.0
3620,11752.0,10000.0,10944.0
3621,12004.0,10768.0,11464.0
3622,12800.0,11576.0,11960.0
3623,12528.0,11448.0,11832.0
3624,11344.0,9748.0,10764.0
3625,11208.0,9764.0,10648.0
3626,12928.0,11640.0,11888.0
3627,13072.0,11736.0,11896.0
3628,11388.0,9876.0,10628.0
3629,10440.0,8800.0,9848.0
3630,10024.0,8232.0,9408.0
3631,9568.0,7480.0,8864.0
3632,10384.0,8188.0,9444.0
3633,11136.0,9616.0,10744.0
3634,12888.0,11148.0,11592.0
3635,13064.0,11656.0,11928.0
3636,11140.0,9560.0,10476.0
3637,11832.0,9892.0,10692.0
3638,12152.0,11048.0,11520.0
3639,12752.0,11080.0,11560.0
3640,11768.0,10404.0,11172.0
3641,12856.0,11752.0,12032.0
3642,11648.0,10220.0,11016.0
3643,12068.0,10772.0,11368.0
3644,10848.0,9208.0,10228.0
3645,13808.0,12432.0,12464.0
3646,11808.0,10060.0,10820.0
3647,11720.0,9632.0,10728.0
3648,10700.0,9124.0,10312.0
3649,10576.0,8836.0,10232.0
3650,10544.0,8616.0,9848.0
3651,12464.0,11208.0,11768.0
3652,10952.0,9072.0,10200.0
3653,10912.0,9216.0,10360.0
3654,10736.0,9216.0,10408.0
3655,10552.0,8824.0,10352.0
3656,10252.0,8304.0,9788.0
3657,10500.0,8768.0,10316.0
3658,10816.0,9184.0,10280.0
3659,10840.0,9048.0,10296.0
3660,11224.0,9368.0,10592.0
3661,10624.0,9176.0,10776.0
3662,10416.0,8968.0,10256.0
3663,10316.0,8420.0,9868.0
3664,9568.0,7856.0,9512.0
3665,11200.0,9744.0,10944.0
3666,14736.0,12544.0,12720.0
3667,12192.0,10344.0,11176.0
3668,12120.0,10448.0,11216.0
3669,10844.0,8848.0,10096.0
3670,10260.0,8212.0,9604.0
3671,10352.0,8072.0,9504.0
3672,10896.0,8328.0,9664.0
3673,10436.0,7984.0,9392.0
3674,10064.0,7584.0,9088.0
3675,9884.0,7404.0,8960.0
3676,9824.0,7336.0,8948.0
3677,9200.0,6736.0,8536.0
3678,9312.0,6640.0,8424.0
3679,10328.0,7608.0,9204.0
3680,10792.0,8440.0,10092.0
3681,10264.0,7980.0,9780.0
3682,10484.0,8256.0,9804.0
3683,9904.0,7896.0,9640.0
3684,14712.0,12440.0,12744.0
3685,12148.0,10008.0,11024.0
3686,12248.0,9968.0,10992.0
3687,11048.0,8656.0,10056.0
3688,10104.0,7608.0,9312.0
3689,9512.0,7096.0,8880.0
